sequence_id	domain_predicted	domain_raw_score	domain_entropy	phylum_predicted	phylum_raw_score	phylum_entropy	class_predicted	class_raw_score	class_entropy	order_predicted	order_raw_score	order_entropy	family_predicted	family_raw_score	family_entropy	genus_predicted	genus_raw_score	genus_entropy	species_predicted	species_raw_score	species_entropy	sequence_length
ASV1	Bacteria	1.0	0.0	Bacteroidota	0.9999984502792358	0.0	Bacteroidia	1.0	0.0	Bacteroidales	0.9997681975364685	0.0022	Bacteroidaceae	0.9999889135360718	0.0002	Prevotella	0.9999880790710449	0.0002	Prevotella corporis	0.9999865293502808	0.0002	253
ASV2	Bacteria	0.9999998807907104	0.0	Bacteroidota	1.0	0.0	Bacteroidia	1.0	0.0	Bacteroidales	0.9999526739120483	0.0006	Bacteroidaceae	0.9999818801879883	0.0002	Prevotella	0.999996542930603	0.0001	Prevotella bivia	0.9999457597732544	0.0009	253
ASV3	Bacteria	1.0	0.0	Bacillota_A_368345	1.0	0.0	Clostridia_258483	1.0	0.0	Tissierellales	0.9999948740005493	0.0001	Peptoniphilaceae	0.999992847442627	0.0001	Finegoldia	0.9999998807907104	0.0	Finegoldia magna_H	0.9988631010055542	0.0097	252
ASV4	Bacteria	1.0	0.0	Bacteroidota	1.0	0.0	Bacteroidia	1.0	0.0	Bacteroidales	0.999969482421875	0.0004	Bacteroidaceae	0.9999996423721313	0.0	Prevotella	0.9999991655349731	0.0	Prevotella disiens	0.999969482421875	0.0005	253
ASV5	Bacteria	1.0	0.0	Bacillota_A_368345	0.9999998807907104	0.0	Clostridia_258483	1.0	0.0	Tissierellales	0.9999948740005493	0.0001	Peptoniphilaceae	0.9999980926513672	0.0	Fenollaria	1.0	0.0	Fenollaria massiliensis	0.9999997615814209	0.0	253
ASV6	Bacteria	0.9999997615814209	0.0	Bacteroidota	0.9999829530715942	0.0002	Bacteroidia	0.9999841451644897	0.0002	Bacteroidales	0.9998219609260559	0.0018	Bacteroidaceae	0.9995965361595154	0.0043	Phocaeicola_A	0.9997155070304871	0.003	Phocaeicola_A vulgatus	0.9996300935745239	0.004	253
ASV7	Bacteria	0.9999982118606567	0.0	Campylobacterota_A	0.9997373223304749	0.0028	Campylobacteria	0.9999603033065796	0.0006	Campylobacterales	0.9999780654907227	0.0003	Campylobacteraceae	0.999945878982544	0.0007	Campylobacter_B	0.9997429251670837	0.0037	Campylobacter_B hominis	0.9999310970306396	0.0012	253
ASV8	Bacteria	0.9999998807907104	0.0	Bacteroidota	0.9999991655349731	0.0	Bacteroidia	0.9999991655349731	0.0	Bacteroidales	0.9999963045120239	0.0001	Bacteroidaceae	0.9999966621398926	0.0001	Prevotella	0.9999809265136719	0.0003	Prevotella melaninogenica	0.9985987544059753	0.0186	253
ASV9	Bacteria	1.0	0.0	Bacteroidota	1.0	0.0	Bacteroidia	1.0	0.0	Bacteroidales	0.999998927116394	0.0	Bacteroidaceae	0.9999144077301025	0.0009	Prevotella	0.999990701675415	0.0001	Prevotella buccalis	0.9999505281448364	0.0008	253
ASV10	Bacteria	1.0	0.0	Bacteroidota	1.0	0.0	Bacteroidia	0.9999998807907104	0.0	Bacteroidales	0.9999828338623047	0.0002	Bacteroidaceae	0.9999951124191284	0.0001	Prevotella	0.9999581575393677	0.0006	Prevotella buccalis	0.9998399019241333	0.0024	253
ASV11	Bacteria	1.0	0.0	Bacteroidota	1.0	0.0	Bacteroidia	1.0	0.0	Bacteroidales	0.9999992847442627	0.0	Bacteroidaceae	0.9999997615814209	0.0	Bacteroides_H_857956	0.9999997615814209	0.0	Bacteroides_H_857956 stercoris	0.9999971389770508	0.0001	253
ASV12	Bacteria	1.0	0.0	Bacillota_A_368345	1.0	0.0	Clostridia_258483	1.0	0.0	Oscillospirales	0.9999988079071045	0.0	Ruminococcaceae	0.999941349029541	0.0007	Faecalibacterium	0.9999597072601318	0.0005	Faecalibacterium duncaniae	0.9999196529388428	0.0012	253
ASV13	Bacteria	0.9999984502792358	0.0	Bacteroidota	1.0	0.0	Bacteroidia	1.0	0.0	Bacteroidales	0.9999490976333618	0.0006	Rikenellaceae	0.9999977350234985	0.0	Alistipes_A_871400	0.9999898672103882	0.0002	Alistipes_A_871400 finegoldii	0.9999244213104248	0.001	253
ASV14	Bacteria	1.0	0.0	Bacteroidota	1.0	0.0	Bacteroidia	1.0	0.0	Bacteroidales	1.0	0.0	Bacteroidaceae	1.0	0.0	Prevotella	0.9999996423721313	0.0	Prevotella copri	0.9999922513961792	0.0001	253
ASV15	Bacteria	0.9999997615814209	0.0	Bacillota_A_368345	0.9999645948410034	0.0005	Clostridia_258483	0.9999741315841675	0.0004	Tissierellales	0.9999488592147827	0.0008	Peptoniphilaceae	0.9999582767486572	0.0007	Peptoniphilus_A	0.9999971389770508	0.0001	Peptoniphilus_A gorbachii	0.5383090376853943	1.0931	252
ASV16	Bacteria	1.0	0.0	Bacillota_A_368345	1.0	0.0	Clostridia_258483	1.0	0.0	Tissierellales	0.9999122619628906	0.0009	Peptoniphilaceae	0.999996542930603	0.0001	Ezakiella	0.9999978542327881	0.0	Ezakiella coagulans	0.9999837875366211	0.0003	253
ASV17	Bacteria	1.0	0.0	Bacteroidota	1.0	0.0	Bacteroidia	1.0	0.0	Bacteroidales	0.9999991655349731	0.0	Bacteroidaceae	0.9999990463256836	0.0	Prevotella	0.9999984502792358	0.0	Prevotella corporis	0.9991241097450256	0.0093	253
ASV18	Bacteria	1.0	0.0	Verrucomicrobiota	1.0	0.0	Verrucomicrobiae	0.9999996423721313	0.0	Verrucomicrobiales	0.9999760389328003	0.0003	Akkermansiaceae	0.9999837875366211	0.0003	Akkermansia	0.9999923706054688	0.0001	Akkermansia muciniphila_D_776786	0.999944806098938	0.0009	253
ASV19	Bacteria	1.0	0.0	Bacteroidota	1.0	0.0	Bacteroidia	0.9999997615814209	0.0	Bacteroidales	0.9999929666519165	0.0001	Bacteroidaceae	0.9999953508377075	0.0001	Bacteroides_H_857956	0.9999988079071045	0.0	Bacteroides_H_857956 uniformis	0.9999904632568359	0.0001	253
ASV20	Bacteria	1.0	0.0	Bacillota_A_368345	0.9999990463256836	0.0	Clostridia_258483	0.9999998807907104	0.0	Tissierellales	0.9999644756317139	0.0005	Peptoniphilaceae	0.9999982118606567	0.0	Anaerococcus	0.999995231628418	0.0001	Anaerococcus hydrogenalis	0.9999946355819702	0.0001	252
ASV21	Bacteria	0.9999998807907104	0.0	Bacteroidota	0.9999951124191284	0.0001	Bacteroidia	0.9999880790710449	0.0002	Bacteroidales	0.9999526739120483	0.0006	Bacteroidaceae	0.9997206330299377	0.0032	Phocaeicola_A	0.9995753169059753	0.0042	Phocaeicola_A vulgatus	0.9995914101600647	0.0043	253
ASV22	Bacteria	1.0	0.0	Bacteroidota	1.0	0.0	Bacteroidia	1.0	0.0	Bacteroidales	0.9999985694885254	0.0	Bacteroidaceae	0.9999006986618042	0.0011	Prevotella	0.9999884366989136	0.0002	Prevotella buccalis	0.9999421834945679	0.0009	253
ASV23	Bacteria	1.0	0.0	Bacteroidota	0.9999997615814209	0.0	Bacteroidia	0.9999994039535522	0.0	Bacteroidales	0.9999381303787231	0.0007	Bacteroidaceae	0.9999984502792358	0.0	Bacteroides_H_857956	0.9999916553497314	0.0002	Bacteroides_H_857956 finegoldii	0.9810600876808167	0.1159	253
ASV24	Bacteria	0.9999994039535522	0.0	Pseudomonadota	1.0	0.0	Gammaproteobacteria	1.0	0.0	Burkholderiales	1.0	0.0	Burkholderiaceae_A_595427	0.9999923706054688	0.0001	Parasutterella_564865	0.9999977350234985	0.0	Parasutterella excrementihominis	0.7224007248878479	0.6144	253
ASV25	Bacteria	1.0	0.0	Bacteroidota	0.9999886751174927	0.0002	Bacteroidia	0.9999696016311646	0.0005	Bacteroidales	0.9991475343704224	0.0084	Bacteroidaceae	0.9994558691978455	0.0049	Bacteroides_H_857956	0.9998013377189636	0.0024	Bacteroides_H_857956 fragilis	0.9998675584793091	0.0017	253
ASV26	Bacteria	1.0	0.0	Bacteroidota	0.9999990463256836	0.0	Bacteroidia	0.9999980926513672	0.0	Bacteroidales	0.9999672174453735	0.0005	Bacteroidaceae	0.9999775886535645	0.0003	Prevotella	0.9999974966049194	0.0	Prevotella sp000758925	0.7486979961395264	2.4175	253
ASV27	Bacteria	1.0	0.0	Bacteroidota	0.9999998807907104	0.0	Bacteroidia	1.0	0.0	Bacteroidales	0.9999608993530273	0.0005	Bacteroidaceae	0.9999973773956299	0.0	Bacteroides_H_857956	0.9999957084655762	0.0001	Bacteroides_H_857956 cellulosilyticus	0.9999566078186035	0.0007	253
ASV28	Bacteria	0.9999996423721313	0.0	Bacteroidota	0.9999829530715942	0.0003	Bacteroidia	0.999982476234436	0.0003	Bacteroidales	0.9998419284820557	0.0021	Rikenellaceae	0.7828994393348694	0.5527	Alistipes_A_871400	0.9271100759506226	0.2997	Alistipes_A_871400 putredinis	0.9471703767776489	0.3063	253
ASV29	Bacteria	0.9999997615814209	0.0	Bacillota_A_368345	0.9999849796295166	0.0002	Clostridia_258483	0.9999821186065674	0.0003	Tissierellales	0.9999712705612183	0.0004	Peptoniphilaceae	0.999987006187439	0.0002	Peptoniphilus_A	0.9999982118606567	0.0	Peptoniphilus_A gorbachii	0.4978010058403015	1.991	252
ASV30	Bacteria	1.0	0.0	Bacillota_A_368345	1.0	0.0	Clostridia_258483	1.0	0.0	Oscillospirales	0.9999996423721313	0.0	Ruminococcaceae	0.9999960660934448	0.0001	Faecalibacterium	0.999998927116394	0.0	Faecalibacterium duncaniae	0.9999988079071045	0.0	253
ASV31	Bacteria	1.0	0.0	Bacillota_C	1.0	0.0	Negativicutes	1.0	0.0	Veillonellales	0.9999995231628418	0.0	Dialisteraceae	0.9999985694885254	0.0	Dialister_37762	0.9999972581863403	0.0	Dialister propionicifaciens	0.9999470710754395	0.0008	252
ASV32	Bacteria	1.0	0.0	Bacteroidota	1.0	0.0	Bacteroidia	1.0	0.0	Bacteroidales	1.0	0.0	Bacteroidaceae	1.0	0.0	Prevotella	0.9999998807907104	0.0	Prevotella copri	0.9999959468841553	0.0001	253
ASV33	Bacteria	1.0	0.0	Bacillota_A_368345	0.9999994039535522	0.0	Clostridia_258483	0.9999997615814209	0.0	Peptostreptococcales	0.9999951124191284	0.0001	Anaerovoracaceae	0.999992847442627	0.0001	S5-A14a	0.9999809265136719	0.0003	S5-A14a sp000758905	0.999923825263977	0.0012	252
ASV34	Bacteria	1.0	0.0	Bacteroidota	1.0	0.0	Bacteroidia	1.0	0.0	Bacteroidales	0.9999998807907104	0.0	Tannerellaceae	0.999909520149231	0.0009	Parabacteroides_B_862066	0.9997865557670593	0.0022	Parabacteroides_B_862066 johnsonii	0.9998457431793213	0.0016	253
ASV35	Bacteria	1.0	0.0	Bacillota_A_368345	1.0	0.0	Clostridia_258483	1.0	0.0	Lachnospirales	0.9999984502792358	0.0	Lachnospiraceae	1.0	0.0	Blautia_A_141781	0.9999982118606567	0.0	Blautia_A_141781 wexlerae	0.9999977350234985	0.0	253
ASV36	Bacteria	1.0	0.0	Bacillota_A_368345	0.9999998807907104	0.0	Clostridia_258483	1.0	0.0	Lachnospirales	0.999993085861206	0.0001	Lachnospiraceae	0.9999951124191284	0.0001	Roseburia_A_166204	0.9999725818634033	0.0004	Roseburia_A_166204 inulinivorans	0.998464822769165	0.0123	253
ASV37	Bacteria	1.0	0.0	Bacteroidota	1.0	0.0	Bacteroidia	1.0	0.0	Bacteroidales	0.9999921321868896	0.0001	Bacteroidaceae	0.9999959468841553	0.0001	Bacteroides_H_857956	0.9999998807907104	0.0	Bacteroides_H_857956 uniformis	0.9999938011169434	0.0001	253
ASV38	Bacteria	1.0	0.0	Fusobacteriota	0.9999998807907104	0.0	Fusobacteriia	0.9999998807907104	0.0	Fusobacteriales	1.0	0.0	Fusobacteriaceae	1.0	0.0	Fusobacterium_C	0.9999288320541382	0.0009	Fusobacterium_C necrophorum	0.9998925924301147	0.0013	252
ASV39	Bacteria	1.0	0.0	Bacillota_C	0.9999997615814209	0.0	Negativicutes	0.9999994039535522	0.0	Veillonellales	0.9999997615814209	0.0	Veillonellaceae	0.999997615814209	0.0	Veillonella_A	0.9999914169311523	0.0001	Veillonella_A parvula	0.9999696016311646	0.0005	252
ASV40	Bacteria	0.9999998807907104	0.0	Bacteroidota	0.9999986886978149	0.0	Bacteroidia	0.9999984502792358	0.0	Bacteroidales	0.9999828338623047	0.0003	Bacteroidaceae	0.9999980926513672	0.0	Phocaeicola_A	0.9999626874923706	0.0006	Phocaeicola_A vulgatus	0.9999631643295288	0.0006	253
ASV41	Bacteria	0.9999982118606567	0.0	Bacillota_A_368345	1.0	0.0	Clostridia_258483	0.9999998807907104	0.0	Lachnospirales	0.9999978542327881	0.0	Lachnospiraceae	0.9999973773956299	0.0	Agathobacter_164117	0.999829888343811	0.0019	Agathobacter rectalis	0.9979811310768127	0.0178	253
ASV42	Bacteria	1.0	0.0	Bacteroidota	0.9999997615814209	0.0	Bacteroidia	1.0	0.0	Bacteroidales	0.9998811483383179	0.0012	Bacteroidaceae	0.9999915361404419	0.0001	Prevotella	0.9999871253967285	0.0002	Prevotella corporis	0.9999676942825317	0.0005	253
ASV43	Bacteria	1.0	0.0	Bacteroidota	1.0	0.0	Bacteroidia	0.9999996423721313	0.0	Bacteroidales	0.9999946355819702	0.0001	Bacteroidaceae	0.9999985694885254	0.0	Prevotella	0.9999988079071045	0.0	Prevotella corporis	0.999487042427063	0.0058	253
ASV44	Bacteria	1.0	0.0	Bacteroidota	1.0	0.0	Bacteroidia	1.0	0.0	Bacteroidales	0.9999984502792358	0.0	Porphyromonadaceae	0.9999879598617554	0.0002	Porphyromonas_A	0.9999815225601196	0.0003	Porphyromonas_A sp001808555	0.9999980926513672	0.0	253
ASV45	Bacteria	0.9999995231628418	0.0	Actinomycetota	0.9987809062004089	0.0129	Actinomycetes	0.9994346499443054	0.0073	Mycobacteriales	0.9997093081474304	0.0037	Mycobacteriaceae	0.9996618032455444	0.0045	Corynebacterium	0.9989205598831177	0.013	Corynebacterium amycolatum_A	0.8053139448165894	0.7662	254
ASV46	Bacteria	0.9999998807907104	0.0	Bacteroidota	0.9999998807907104	0.0	Bacteroidia	1.0	0.0	Bacteroidales	0.9999169111251831	0.0009	Porphyromonadaceae	0.9999964237213135	0.0001	Porphyromonas_A	0.9999969005584717	0.0001	Porphyromonas_A asaccharolytica	0.9999904632568359	0.0002	253
ASV47	Bacteria	0.9999480247497559	0.0006	Actinomycetota	0.9999990463256836	0.0	Actinomycetes	0.9999963045120239	0.0001	Actinomycetales	0.9999979734420776	0.0	Actinomycetaceae	0.9999219179153442	0.0012	Varibaculum	0.9999945163726807	0.0001	Varibaculum cambriense_A	0.8646653294563293	0.4866	253
ASV48	Bacteria	0.9999998807907104	0.0	Bacteroidota	1.0	0.0	Bacteroidia	1.0	0.0	Bacteroidales	0.9999986886978149	0.0	Porphyromonadaceae	0.9999884366989136	0.0002	Porphyromonas_A	0.9999862909317017	0.0002	Porphyromonas_A sp001808555	0.9999983310699463	0.0	253
ASV49	Bacteria	0.9999977350234985	0.0	Bacillota_A_368345	1.0	0.0	Clostridia_258483	1.0	0.0	Tissierellales	0.999996542930603	0.0	Peptoniphilaceae	0.9999887943267822	0.0002	Aedoeadaptatus_226158	0.9999914169311523	0.0001	Aedoeadaptatus acetigenes	0.6810404658317566	0.9169	252
ASV50	Bacteria	1.0	0.0	Bacteroidota	1.0	0.0	Bacteroidia	1.0	0.0	Bacteroidales	0.999997615814209	0.0	Porphyromonadaceae	0.9999754428863525	0.0003	Porphyromonas_A	0.9999731779098511	0.0004	Porphyromonas_A sp001808555	0.9999947547912598	0.0001	253
ASV51	Bacteria	0.9999953508377075	0.0001	Bacillota_C	0.9999953508377075	0.0001	Negativicutes	0.9999959468841553	0.0001	Veillonellales	0.9999960660934448	0.0001	Megasphaeraceae	0.9999991655349731	0.0	Megasphaera_A_38685	0.9999669790267944	0.0005	Megasphaera_A_38685 massiliensis	0.9987769722938538	0.0156	252
ASV52	Bacteria	0.9999902248382568	0.0001	Pseudomonadota	0.9999881982803345	0.0002	Gammaproteobacteria	0.9999861717224121	0.0002	Enterobacterales_737866	0.9999817609786987	0.0003	Enterobacteriaceae_A_725029	0.9996806383132935	0.0038	Escherichia	0.9998456239700317	0.0023	Unclassified_Escherichia	0.5880079865455627	1.3972	253
ASV53	Bacteria	1.0	0.0	Bacteroidota	0.9999997615814209	0.0	Bacteroidia	0.9999997615814209	0.0	Bacteroidales	0.9999661445617676	0.0005	Bacteroidaceae	0.9999769926071167	0.0004	Bacteroides_H_857956	0.9999865293502808	0.0003	Bacteroides_H_857956 thetaiotaomicron	0.9373878836631775	0.2798	253
ASV54	Bacteria	1.0	0.0	Bacillota_A_368345	1.0	0.0	Clostridia_258483	1.0	0.0	Oscillospirales	0.9999994039535522	0.0	Ruminococcaceae	0.9999898672103882	0.0001	Faecalibacterium	0.9999990463256836	0.0	Faecalibacterium duncaniae	0.9999891519546509	0.0002	253
ASV55	Bacteria	0.9999998807907104	0.0	Bacteroidota	1.0	0.0	Bacteroidia	1.0	0.0	Bacteroidales	0.9999043941497803	0.0011	Bacteroidaceae	0.9999891519546509	0.0002	Prevotella	0.999997615814209	0.0	Prevotella bivia	0.9999406337738037	0.001	253
ASV56	Bacteria	1.0	0.0	Bacteroidota	1.0	0.0	Bacteroidia	1.0	0.0	Bacteroidales	0.999997615814209	0.0	Porphyromonadaceae	0.9999964237213135	0.0001	Porphyromonas_A	0.9999971389770508	0.0001	Porphyromonas_A sp001808555	0.9999971389770508	0.0001	253
ASV57	Bacteria	0.9999985694885254	0.0	Bacteroidota	0.9999988079071045	0.0	Bacteroidia	0.9999995231628418	0.0	Bacteroidales	0.9994389414787292	0.0055	Porphyromonadaceae	0.9998292922973633	0.0019	Porphyromonas_A	0.9997619986534119	0.0028	Porphyromonas_A sp001552775	0.9986912608146667	0.0196	253
ASV58	Bacteria	1.0	0.0	Bacillota_A_368345	1.0	0.0	Clostridia_258483	1.0	0.0	Oscillospirales	0.999992847442627	0.0001	Oscillospiraceae_88309	0.9999929666519165	0.0001	Hominicoprocola	0.9999973773956299	0.0	Hominicoprocola fusiformis	0.9999654293060303	0.0006	253
ASV59	Bacteria	0.9999997615814209	0.0	Bacillota_A_368345	0.9999992847442627	0.0	Clostridia_258483	0.9999994039535522	0.0	Lachnospirales	0.9999991655349731	0.0	Lachnospiraceae	0.9999994039535522	0.0	Fusicatenibacter	0.9601057171821594	0.1755	Fusicatenibacter saccharivorans	0.9552221298217773	0.1949	253
ASV60	Bacteria	0.9999982118606567	0.0	Bacillota_A_368345	0.9999912977218628	0.0001	Clostridia_258483	0.9999827146530151	0.0003	Lachnospirales	0.9999744892120361	0.0004	Lachnospiraceae	0.9999876022338867	0.0002	Roseburia_A_166204	0.9998781681060791	0.0018	Roseburia_A_166204 intestinalis	0.9264752268791199	0.2776	253
ASV61	Bacteria	1.0	0.0	Bacteroidota	1.0	0.0	Bacteroidia	1.0	0.0	Bacteroidales	0.9999853372573853	0.0002	Marinifilaceae	0.9999947547912598	0.0001	Odoribacter_865974	0.9999818801879883	0.0003	Odoribacter splanchnicus	0.9999721050262451	0.0005	252
ASV62	Bacteria	0.9999998807907104	0.0	Bacteroidota	0.9999995231628418	0.0	Bacteroidia	0.9999998807907104	0.0	Bacteroidales	0.999901294708252	0.001	Porphyromonadaceae	0.9999935626983643	0.0001	Porphyromonas_A	0.9999926090240479	0.0001	Porphyromonas_A asaccharolytica	0.9999935626983643	0.0001	253
ASV63	Bacteria	1.0	0.0	Bacillota_A_368345	1.0	0.0	Clostridia_258483	1.0	0.0	Oscillospirales	0.9999995231628418	0.0	Ruminococcaceae	0.9999949932098389	0.0001	Gemmiger_A_73129	0.9999973773956299	0.0	Gemmiger_A_73129 qucibialis	0.9999988079071045	0.0	253
ASV64	Bacteria	1.0	0.0	Bacteroidota	0.999998927116394	0.0	Bacteroidia	0.9999985694885254	0.0	Bacteroidales	0.9999991655349731	0.0	Bacteroidaceae	1.0	0.0	Prevotella	0.9999691247940063	0.0005	Prevotella copri	0.9999934434890747	0.0001	253
ASV65	Bacteria	0.9999998807907104	0.0	Bacillota_A_368345	0.9999940395355225	0.0001	Clostridia_258483	0.9999955892562866	0.0001	Tissierellales	0.9999401569366455	0.0008	Peptoniphilaceae	0.9999946355819702	0.0001	Murdochiella	0.9999732971191406	0.0004	Murdochiella massiliensis_A	0.9999722242355347	0.0004	252
ASV66	Bacteria	1.0	0.0	Bacillota_C	0.9999978542327881	0.0	Negativicutes	0.9999955892562866	0.0001	Veillonellales	0.9999986886978149	0.0	Dialisteraceae	0.9999982118606567	0.0	Dialister_37762	0.9999958276748657	0.0001	Dialister invisus	0.9999972581863403	0.0	252
ASV67	Bacteria	1.0	0.0	Bacteroidota	0.9999984502792358	0.0	Bacteroidia	0.9999947547912598	0.0001	Bacteroidales	0.9999504089355469	0.0007	Bacteroidaceae	0.9999771118164062	0.0004	Bacteroides_H_857956	0.9999856948852539	0.0003	Bacteroides_H_857956 finegoldii	0.8170029520988464	0.6309	253
ASV68	Bacteria	0.9999998807907104	0.0	Bacillota_A_368345	0.9999982118606567	0.0	Clostridia_258483	0.9999995231628418	0.0	Lachnospirales	1.0	0.0	Lachnospiraceae	0.9999997615814209	0.0	Blautia_A_141781	0.999985933303833	0.0002	Blautia_A_141781 fusiformis	0.999996542930603	0.0001	253
ASV69	Bacteria	1.0	0.0	Bacillota_A_368345	0.9999996423721313	0.0	Clostridia_258483	0.9999961853027344	0.0001	Oscillospirales	0.9999572038650513	0.0005	Acutalibacteraceae	0.9999755620956421	0.0003	Ruminococcus_E	0.9999496936798096	0.0007	Ruminococcus_E bromii_B	0.9893836379051208	0.0654	253
ASV70	Bacteria	0.999993085861206	0.0001	Bacillota_C	0.9999908208847046	0.0001	Negativicutes	0.9999994039535522	0.0	Acidaminococcales	0.999997615814209	0.0	Acidaminococcaceae	0.999997615814209	0.0	Acidaminococcus	0.9997838139533997	0.0027	Acidaminococcus intestini	0.9989345669746399	0.0129	252
ASV71	Bacteria	0.9999992847442627	0.0	Actinomycetota	0.999985933303833	0.0002	Actinomycetes	0.9998039603233337	0.0024	Mycobacteriales	0.9998985528945923	0.0013	Mycobacteriaceae	0.9999998807907104	0.0	Corynebacterium	0.9999983310699463	0.0	Corynebacterium aurimucosum_F	0.9993844032287598	0.0081	254
ASV72	Bacteria	0.9999990463256836	0.0	Bacillota_A_368345	1.0	0.0	Clostridia_258483	1.0	0.0	Lachnospirales	0.9999979734420776	0.0	Lachnospiraceae	0.9999990463256836	0.0	Blautia_A_141781	0.9999856948852539	0.0002	Blautia_A_141781 obeum	0.9999706745147705	0.0004	253
ASV73	Bacteria	0.9999995231628418	0.0	Bacteroidota	0.9999996423721313	0.0	Bacteroidia	0.9999997615814209	0.0	Bacteroidales	0.9997239708900452	0.0027	Porphyromonadaceae	0.9999963045120239	0.0001	Porphyromonas_A	0.9999901056289673	0.0002	Porphyromonas_A asaccharolytica	0.9999762773513794	0.0004	253
ASV74	Bacteria	0.9999997615814209	0.0	Bacillota_A_368345	0.9999997615814209	0.0	Clostridia_258483	0.9999994039535522	0.0	Tissierellales	0.999996542930603	0.0001	Peptoniphilaceae	0.9999743700027466	0.0004	Peptoniphilus_A	0.9999953508377075	0.0001	Peptoniphilus_A lacrimalis	0.9998376369476318	0.0025	252
ASV75	Bacteria	1.0	0.0	Bacteroidota	1.0	0.0	Bacteroidia	1.0	0.0	Bacteroidales	0.999998927116394	0.0	Porphyromonadaceae	0.9999897480010986	0.0001	Porphyromonas_A	0.999988317489624	0.0002	Porphyromonas_A sp001808555	0.9999984502792358	0.0	253
ASV76	Bacteria	0.9999998807907104	0.0	Bacillota_A_368345	0.9999998807907104	0.0	Clostridia_258483	0.9999998807907104	0.0	Lachnospirales	0.9999978542327881	0.0	Lachnospiraceae	0.9999997615814209	0.0	Acetatifactor	0.9998239874839783	0.0017	Acetatifactor acetigignens	0.999834418296814	0.0017	253
ASV77	Bacteria	0.9999990463256836	0.0	Pseudomonadota	0.9999947547912598	0.0001	Gammaproteobacteria	0.9999901056289673	0.0001	Burkholderiales	0.999995231628418	0.0001	Burkholderiaceae_A_595427	0.9996465444564819	0.0038	Mesosutterella	0.9999657869338989	0.0005	Mesosutterella massiliensis	0.9999228715896606	0.0012	253
ASV78	Bacteria	0.9999997615814209	0.0	Actinomycetota	0.9996938705444336	0.003	Actinomycetes	0.9999992847442627	0.0	Mycobacteriales	0.9999841451644897	0.0002	Mycobacteriaceae	0.9999978542327881	0.0	Lawsonella	0.9997506737709045	0.0032	Lawsonella clevelandensis	0.9909203052520752	0.1121	253
ASV79	Bacteria	0.9999994039535522	0.0	Bacillota_A_368345	0.9999997615814209	0.0	Clostridia_258483	0.9999996423721313	0.0	Lachnospirales	0.9999990463256836	0.0	Lachnospiraceae	0.9999995231628418	0.0	Dorea_A	0.9999997615814209	0.0	Dorea_A longicatena	0.9999994039535522	0.0	253
ASV80	Bacteria	1.0	0.0	Bacteroidota	1.0	0.0	Bacteroidia	1.0	0.0	Bacteroidales	0.9999996423721313	0.0	Tannerellaceae	0.9999991655349731	0.0	Parabacteroides_B_862066	1.0	0.0	Parabacteroides_B_862066 distasonis	0.9999957084655762	0.0001	253
ASV81	Bacteria	0.9999998807907104	0.0	Bacillota_A_368345	1.0	0.0	Clostridia_258483	1.0	0.0	Oscillospirales	0.9999998807907104	0.0	Ruminococcaceae	0.9999892711639404	0.0001	Faecalibacterium	0.9999980926513672	0.0	Faecalibacterium duncaniae	0.9999586343765259	0.0006	253
ASV82	Bacteria	0.9999997615814209	0.0	Bacteroidota	0.9800342321395874	0.1504	Bacteroidia	0.7802273631095886	1.2181	Bacteroidales	0.9950392842292786	0.0521	Bacteroidaceae	0.9996618032455444	0.0047	Prevotella	0.9825674891471863	0.1596	Prevotella sp902776665	0.811215877532959	1.8911	253
ASV83	Bacteria	0.9999988079071045	0.0	Bacillota_A_368345	1.0	0.0	Clostridia_258483	1.0	0.0	Lachnospirales	0.9998792409896851	0.0012	Anaerotignaceae	0.9999958276748657	0.0001	Anaerotignum_189125	0.999984860420227	0.0002	Anaerotignum lactatifermentans	0.9999297857284546	0.001	253
ASV84	Bacteria	0.9999998807907104	0.0	Bacillota_A_368345	0.9999984502792358	0.0	Clostridia_258483	0.9999986886978149	0.0	Oscillospirales	0.9999977350234985	0.0	Oscillospiraceae_88309	0.9999635219573975	0.0005	Vescimonas	0.9999985694885254	0.0	Vescimonas fastidiosa	0.9997636675834656	0.0029	253
ASV85	Bacteria	1.0	0.0	Bacillota_A_368345	1.0	0.0	Clostridia_258483	1.0	0.0	Oscillospirales	1.0	0.0	Ruminococcaceae	0.9999679327011108	0.0004	Hominimerdicola	0.9999796152114868	0.0003	Hominimerdicola aceti	0.9999892711639404	0.0002	253
ASV86	Bacteria	1.0	0.0	Bacillota_A_368345	0.9999992847442627	0.0	Clostridia_258483	0.9999996423721313	0.0	Lachnospirales	0.9999966621398926	0.0001	Lachnospiraceae	0.999996542930603	0.0001	Blautia_A_141781	0.9999688863754272	0.0004	Blautia_A_141781 obeum	0.9999773502349854	0.0003	253
ASV87	Bacteria	0.9999996423721313	0.0	Campylobacterota_A	0.9999809265136719	0.0003	Campylobacteria	0.9999960660934448	0.0001	Campylobacterales	0.9999951124191284	0.0001	Campylobacteraceae	0.9999991655349731	0.0	Campylobacter_B	0.9999648332595825	0.0005	Campylobacter_B ureolyticus	0.9998594522476196	0.0022	253
ASV88	Bacteria	0.9999986886978149	0.0	Actinomycetota	0.9999866485595703	0.0002	Actinomycetes	0.9998050332069397	0.0025	Mycobacteriales	0.9999865293502808	0.0002	Mycobacteriaceae	1.0	0.0	Corynebacterium	0.9999974966049194	0.0	Corynebacterium aurimucosum_F	0.9996042847633362	0.0047	254
ASV89	Bacteria	1.0	0.0	Bacillota_A_368345	1.0	0.0	Clostridia_258483	0.9999998807907104	0.0	Oscillospirales	0.9999994039535522	0.0	Oscillospiraceae_88309	0.9999929666519165	0.0001	Vescimonas	0.9999874830245972	0.0002	Vescimonas fastidiosa	0.9989493489265442	0.01	253
ASV90	Bacteria	1.0	0.0	Bacteroidota	0.9999927282333374	0.0001	Bacteroidia	0.9999939203262329	0.0001	Bacteroidales	0.999963641166687	0.0006	Bacteroidaceae	0.9999901056289673	0.0002	Bacteroides_H_857956	0.9999856948852539	0.0002	Bacteroides_H_857956 salyersiae	0.9998167157173157	0.0026	253
ASV91	Bacteria	0.9999998807907104	0.0	Bacteroidota	1.0	0.0	Bacteroidia	1.0	0.0	Bacteroidales	0.9998984336853027	0.0013	Bacteroidaceae	0.9999915361404419	0.0001	Prevotella	0.9999799728393555	0.0004	Unclassified_Bacteroides_H_857956	0.17704278230667114	5.8782	253
ASV92	Bacteria	1.0	0.0	Bacillota_A_368345	0.9999983310699463	0.0	Clostridia_258483	0.9999970197677612	0.0001	Oscillospirales	0.9999879598617554	0.0002	Oscillospiraceae_88309	0.9999932050704956	0.0001	Dysosmobacter	0.9999409914016724	0.0007	Dysosmobacter sp000403435	0.9999145269393921	0.0013	253
ASV93	Bacteria	1.0	0.0	Bacteroidota	1.0	0.0	Bacteroidia	0.9999969005584717	0.0001	Bacteroidales	0.9999417066574097	0.0007	Bacteroidaceae	0.9999921321868896	0.0001	Alloprevotella	0.9998595714569092	0.0018	Alloprevotella timonensis	0.9907522201538086	0.1028	253
ASV94	Bacteria	0.9999994039535522	0.0	Desulfobacterota_G_459543	0.7616733312606812	0.5854	Desulfovibrionia	0.5044561624526978	0.7076	Desulfovibrionales	0.7347028851509094	0.5962	Desulfovibrionaceae	0.7135244607925415	0.6165	Bilophila	0.9365543723106384	0.3323	Bilophila wadsworthia	0.8785293698310852	0.6781	253
ASV95	Bacteria	0.9999997615814209	0.0	Bacillota_A_368345	0.9999840259552002	0.0002	Clostridia_258483	0.9999704360961914	0.0004	Lachnospirales	0.9998190999031067	0.0021	Lachnospiraceae	0.9999771118164062	0.0003	Mediterraneibacter_A_155507	0.9999833106994629	0.0003	Mediterraneibacter_A_155507 torques	0.8694552779197693	0.42	253
ASV96	Bacteria	0.9999998807907104	0.0	Bacillota_C	0.9999947547912598	0.0001	Negativicutes	0.9999802112579346	0.0003	Veillonellales	0.9999860525131226	0.0002	Negativicoccaceae	0.9999967813491821	0.0001	Negativicoccus	0.9999964237213135	0.0001	Negativicoccus massiliensis	0.999991774559021	0.0002	252
ASV97	Bacteria	0.9999933242797852	0.0001	Bacillota_A_368345	0.9999936819076538	0.0001	Clostridia_258483	0.9999936819076538	0.0001	Lachnospirales	0.999987006187439	0.0002	Lachnospiraceae	0.999997615814209	0.0	Clostridium_R_135822	0.9999978542327881	0.0	Clostridium_R_135822 fessum	0.9999887943267822	0.0002	253
ASV98	Bacteria	0.9999997615814209	0.0	Bacillota_A_368345	1.0	0.0	Clostridia_258483	1.0	0.0	Lachnospirales	0.9999884366989136	0.0002	Lachnospiraceae	0.999988317489624	0.0002	Alitiscatomonas	0.9999977350234985	0.0	Alitiscatomonas sp900066535	0.9999967813491821	0.0	253
ASV99	Bacteria	1.0	0.0	Bacillota_C	0.9999992847442627	0.0	Negativicutes	0.9999997615814209	0.0	Veillonellales	0.9999997615814209	0.0	Megasphaeraceae	0.6815049648284912	0.7413	Veillonella_A	0.43737858533859253	2.4549	Dialister propionicifaciens	0.4404419958591461	4.307	253
ASV100	Bacteria	0.9999992847442627	0.0	Synergistota	0.8583744168281555	0.6076	Blastocatellia	0.5156298875808716	0.8774	Synergistales	0.9066815972328186	0.508	Pyrinomonadaceae	0.45175859332084656	1.8008	OLB17_427640	0.4320776164531708	2.7463	VBAR01 sp005882315	0.24436455965042114	5.0937	252
ASV101	Bacteria	1.0	0.0	Bacillota_A_368345	0.9999992847442627	0.0	Clostridia_258483	0.9999992847442627	0.0	Lachnospirales	0.9999935626983643	0.0001	Lachnospiraceae	0.9999979734420776	0.0	Bariatricus	0.9999876022338867	0.0002	Bariatricus comes	0.9999222755432129	0.0009	253
ASV102	Bacteria	1.0	0.0	Bacillota_A_368345	1.0	0.0	Clostridia_258483	1.0	0.0	Oscillospirales	0.999997615814209	0.0	Ruminococcaceae	0.9999923706054688	0.0001	Faecalibacterium	0.9999938011169434	0.0001	Faecalibacterium duncaniae	0.9999538660049438	0.0008	253
ASV103	Bacteria	1.0	0.0	Bacteroidota	1.0	0.0	Bacteroidia	1.0	0.0	Bacteroidales	0.9999569654464722	0.0006	Bacteroidaceae	0.9999854564666748	0.0002	Bacteroides_H_857956	0.9999983310699463	0.0	Bacteroides_H_857956 cellulosilyticus	0.9961183071136475	0.0312	253
ASV104	Bacteria	1.0	0.0	Bacillota_A_368345	0.9999997615814209	0.0	Clostridia_258483	1.0	0.0	Peptostreptococcales	0.9999986886978149	0.0	Anaerovoracaceae	0.9999959468841553	0.0001	Alterileibacterium	0.999993085861206	0.0001	Alterileibacterium massiliense	0.9982671737670898	0.0178	252
ASV105	Bacteria	0.9999998807907104	0.0	Synergistota	0.9639442563056946	0.2433	Synergistia	0.9303673505783081	0.4763	Synergistales	0.9450727105140686	0.4481	Dethiosulfovibrionaceae	0.9149516820907593	0.6511	Pyramidobacter	0.3865521252155304	3.569	VBAR01 sp005882315	0.24738208949565887	6.1948	252
ASV106	Bacteria	1.0	0.0	Bacillota_C	1.0	0.0	Negativicutes	1.0	0.0	Veillonellales	0.9999998807907104	0.0	Veillonellaceae	0.9999998807907104	0.0	Veillonella_A	0.999998927116394	0.0	Veillonella_A parvula	0.999722421169281	0.003	252
ASV107	Bacteria	1.0	0.0	Bacillota_A_368345	1.0	0.0	Clostridia_258483	1.0	0.0	Lachnospirales	0.9999998807907104	0.0	Lachnospiraceae	1.0	0.0	Anaerostipes	0.9999983310699463	0.0	Anaerostipes hadrus	0.9999966621398926	0.0	253
ASV108	Bacteria	0.9999977350234985	0.0	Bacteroidota	0.9999998807907104	0.0	Bacteroidia	1.0	0.0	Bacteroidales	0.9997121691703796	0.0033	Rikenellaceae	0.9999880790710449	0.0002	Alistipes_A_871400	0.9999926090240479	0.0001	Alistipes_A_871400 finegoldii	0.9985178112983704	0.0181	253
ASV109	Bacteria	0.9999967813491821	0.0	Bacteroidota	0.9999948740005493	0.0001	Bacteroidia	0.9999978542327881	0.0	Bacteroidales	0.9950882792472839	0.0321	Rikenellaceae	0.9999070167541504	0.0012	Alistipes_A_871400	0.9999711513519287	0.0005	Alistipes_A_871400 finegoldii	0.9975481629371643	0.019	253
ASV110	Bacteria	1.0	0.0	Bacteroidota	0.9999996423721313	0.0	Bacteroidia	0.9999986886978149	0.0	Bacteroidales	0.9999958276748657	0.0001	Bacteroidaceae	0.9999842643737793	0.0002	Prevotella	0.9999549388885498	0.0007	Prevotella stercorea	0.9934107661247253	0.0713	253
ASV111	Bacteria	1.0	0.0	Bacillota_C	0.999990701675415	0.0001	Negativicutes	0.9999936819076538	0.0001	Veillonellales	0.999963641166687	0.0005	Dialisteraceae	0.9999752044677734	0.0004	Allisonella	0.9998793601989746	0.0016	Dialister pneumosintes	0.9994275569915771	0.0081	252
ASV112	Bacteria	1.0	0.0	Bacillota_C	0.9999998807907104	0.0	Negativicutes	0.9999996423721313	0.0	Veillonellales	0.9999997615814209	0.0	Veillonellaceae	0.9999994039535522	0.0	Veillonella_A	0.9999984502792358	0.0	Veillonella_A parvula	0.9999642372131348	0.0006	252
ASV113	Bacteria	1.0	0.0	Actinomycetota	0.9999599456787109	0.0005	Actinomycetes	0.999976634979248	0.0003	Mycobacteriales	0.9999575614929199	0.0006	Mycobacteriaceae	0.9999065399169922	0.0012	Corynebacterium	0.9999603033065796	0.0005	Corynebacterium kefirresidentii	0.9988768696784973	0.0141	254
ASV114	Bacteria	0.9999972581863403	0.0	Bacillota_I	0.9999974966049194	0.0	Bacilli_A	0.9999994039535522	0.0	Mycoplasmatales	0.999993085861206	0.0001	Metamycoplasmataceae	1.0	0.0	Metamycoplasma	0.9999995231628418	0.0	Metamycoplasma hominis	0.9995694756507874	0.0058	252
ASV115	Bacteria	0.9999991655349731	0.0	Bacillota_C	1.0	0.0	Negativicutes	1.0	0.0	Veillonellales	0.9999998807907104	0.0	Dialisteraceae	0.9999990463256836	0.0	Dialister_37762	0.9999796152114868	0.0003	Dialister sp001553355	0.9929006099700928	0.0687	252
ASV116	Bacteria	0.9999995231628418	0.0	Bacillota_A_368345	1.0	0.0	Clostridia_258483	1.0	0.0	Oscillospirales	0.9999998807907104	0.0	Oscillospiraceae_88309	0.9999798536300659	0.0003	Vescimonas	0.9999998807907104	0.0	Vescimonas fastidiosa	0.9998831748962402	0.0015	253
ASV117	Bacteria	1.0	0.0	Bacillota_A_368345	0.9999959468841553	0.0001	Clostridia_258483	0.9999982118606567	0.0	Saccharofermentanales	0.9994077682495117	0.0061	DTU023	0.998130738735199	0.0192	SFGY01	0.9987008571624756	0.0159	SFGY01 sp004556455	0.9948103427886963	0.0655	253
ASV118	Bacteria	0.9999961853027344	0.0001	Bacillota_A_368345	0.9999998807907104	0.0	Clostridia_258483	0.9999997615814209	0.0	Lachnospirales	0.9999934434890747	0.0001	Lachnospiraceae	0.9999980926513672	0.0	Lachnospira	0.9999923706054688	0.0001	Lachnospira eligens	0.9997897744178772	0.0021	253
ASV119	Bacteria	0.9999961853027344	0.0001	Bacillota_A_368345	0.9999868869781494	0.0002	Clostridia_258483	0.9999988079071045	0.0	Tissierellales	0.9999899864196777	0.0002	Peptoniphilaceae	0.9999991655349731	0.0	Anaerococcus	0.9999977350234985	0.0	Anaerococcus prevotii	0.9514151215553284	0.2182	252
ASV120	Bacteria	1.0	0.0	Bacillota_A_368345	0.9999997615814209	0.0	Clostridia_258483	0.9999998807907104	0.0	Lachnospirales	0.9999901056289673	0.0001	Lachnospiraceae	0.9999998807907104	0.0	Mediterraneibacter_A_155507	0.9999983310699463	0.0	Mediterraneibacter_A_155507 faecis	0.999995231628418	0.0001	253
ASV121	Bacteria	0.9999932050704956	0.0001	Bacillota_A_368345	0.9999973773956299	0.0	Clostridia_258483	0.9999977350234985	0.0	Lachnospirales	0.9999831914901733	0.0002	Lachnospiraceae	0.9999927282333374	0.0001	Lachnospira	0.9999254941940308	0.0011	Lachnospira sp000436535	0.8333403468132019	0.4711	253
ASV122	Bacteria	1.0	0.0	Bacteroidota	1.0	0.0	Bacteroidia	1.0	0.0	Bacteroidales	0.9999977350234985	0.0	Porphyromonadaceae	0.9999970197677612	0.0	Porphyromonas_A	0.9999974966049194	0.0	Porphyromonas_A sp001808555	0.9999972581863403	0.0001	253
ASV123	Bacteria	0.9999997615814209	0.0	Bacillota_A_368345	0.9999996423721313	0.0	Clostridia_258483	0.9999997615814209	0.0	Tissierellales	0.9999985694885254	0.0	Peptoniphilaceae	0.9999929666519165	0.0001	Peptoniphilus_B_226777	0.9998670816421509	0.0019	Peptoniphilus_B_226777 duerdenii	0.9998757839202881	0.0019	253
ASV124	Bacteria	0.9999972581863403	0.0	Bacillota_A_368345	0.9999980926513672	0.0	Clostridia_258483	0.9999953508377075	0.0001	Lachnospirales	0.9999489784240723	0.0007	Lachnospiraceae	0.999980092048645	0.0004	Brotaphodocola	0.9798710942268372	0.1094	Brotaphodocola sp003481825	0.984104573726654	0.0996	253
ASV125	Bacteria	0.9999943971633911	0.0001	Actinomycetota	0.9999969005584717	0.0001	Actinomycetes	0.9999947547912598	0.0001	Mycobacteriales	0.9999587535858154	0.0006	Mycobacteriaceae	1.0	0.0	Corynebacterium	0.9999995231628418	0.0	Corynebacterium jeikeium	0.9994891881942749	0.0067	254
ASV126	Bacteria	0.9999966621398926	0.0	Bacillota_A_368345	0.9999995231628418	0.0	Clostridia_258483	0.9999992847442627	0.0	Lachnospirales	0.9999833106994629	0.0002	Lachnospiraceae	0.9999921321868896	0.0001	Lachnospira	0.9999959468841553	0.0001	Lachnospira sp000437735	0.9999911785125732	0.0001	253
ASV127	Bacteria	0.9999997615814209	0.0	Bacillota_A_368345	0.9999995231628418	0.0	Clostridia_258483	0.9999997615814209	0.0	Lachnospirales	1.0	0.0	Lachnospiraceae	0.9999996423721313	0.0	Enterocloster	0.9999796152114868	0.0003	Enterocloster sp000431375	0.999987006187439	0.0002	253
ASV128	Bacteria	1.0	0.0	Bacteroidota	0.9999727010726929	0.0004	Bacteroidia	0.9999897480010986	0.0002	Bacteroidales	0.9999843835830688	0.0003	Bacteroidaceae	0.999971866607666	0.0004	Bacteroides_H_857956	0.9997337460517883	0.0037	Bacteroides_H_857956 salyersiae	0.9998817443847656	0.0018	253
ASV129	Bacteria	1.0	0.0	Bacillota_A_368345	0.9999994039535522	0.0	Clostridia_258483	0.9999998807907104	0.0	Tissierellales	0.9999916553497314	0.0001	Peptoniphilaceae	0.9999984502792358	0.0	Anaerococcus	0.9999985694885254	0.0	Anaerococcus hydrogenalis	0.9999891519546509	0.0002	252
ASV130	Bacteria	1.0	0.0	Bacillota_A_368345	0.9999938011169434	0.0001	Clostridia_258483	0.999998927116394	0.0	Peptostreptococcales	0.9999990463256836	0.0	Peptostreptococcaceae_256921	0.9999520778656006	0.0005	Peptostreptococcus	0.9999996423721313	0.0	Peptostreptococcus anaerobius	0.9996541738510132	0.0048	252
ASV131	Bacteria	0.9999735355377197	0.0003	Bacillota_I	0.9999954700469971	0.0001	Bacilli_A	0.9999916553497314	0.0001	Lactobacillales	0.999933123588562	0.001	Streptococcaceae	0.9999605417251587	0.0006	Streptococcus	0.9999264478683472	0.0012	Streptococcus anginosus	0.9990777969360352	0.0128	252
ASV132	Bacteria	0.9999947547912598	0.0001	Bacillota_A_368345	0.9999974966049194	0.0	Clostridia_258483	0.9999951124191284	0.0001	Lachnospirales	0.9999796152114868	0.0003	Lachnospiraceae	0.9999356269836426	0.0009	Agathobacter_164117	0.990833580493927	0.0574	Agathobacter faecis	0.980263888835907	0.1239	253
ASV133	Bacteria	0.999988317489624	0.0001	Bacillota_A_368345	0.9999995231628418	0.0	Clostridia_258483	0.999998927116394	0.0	Lachnospirales	0.9999947547912598	0.0001	Lachnospiraceae	0.9999983310699463	0.0	Eubacterium_I	0.9994848966598511	0.0056	Eubacterium_I ramulus	0.9955450296401978	0.0458	253
ASV134	Bacteria	1.0	0.0	Bacillota_A_368345	0.9999992847442627	0.0	Clostridia_258483	0.999998927116394	0.0	Lachnospirales	0.9999897480010986	0.0002	Lachnospiraceae	0.9999979734420776	0.0	Dorea_A	0.9998088479042053	0.0019	Dorea_A formicigenerans	0.9999572038650513	0.0005	253
ASV135	Bacteria	0.9999998807907104	0.0	Fusobacteriota	0.9999995231628418	0.0	Fusobacteriia	0.9999991655349731	0.0	Fusobacteriales	0.9999990463256836	0.0	Fusobacteriaceae	0.9999998807907104	0.0	Fusobacterium_C	0.9999973773956299	0.0001	Fusobacterium_C animalis	0.9994605183601379	0.0054	252
ASV136	Bacteria	0.9999995231628418	0.0	Pseudomonadota	0.9999998807907104	0.0	Alphaproteobacteria	0.9999996423721313	0.0	RF32	0.9999624490737915	0.0005	CAG-239	0.9999634027481079	0.0006	CAG-267	0.9999960660934448	0.0001	Unclassified_CAG-267	0.9781674742698669	0.1396	253
ASV137	Bacteria	0.9999990463256836	0.0	Bacillota_A_368345	0.9999995231628418	0.0	Clostridia_258483	0.9999997615814209	0.0	Lachnospirales	0.999983549118042	0.0002	Lachnospiraceae	0.999997615814209	0.0	Eisenbergiella	0.999958872795105	0.0006	Unclassified_Eisenbergiella	0.9999122619628906	0.0012	253
ASV138	Bacteria	1.0	0.0	Pseudomonadota	1.0	0.0	Gammaproteobacteria	0.9999995231628418	0.0	Burkholderiales	0.9999998807907104	0.0	Burkholderiaceae_A_595427	1.0	0.0	Sutterella	0.9999998807907104	0.0	Sutterella wadsworthensis_A_565807	0.9999997615814209	0.0	253
ASV139	Bacteria	0.9999998807907104	0.0	Bacillota_A_368345	1.0	0.0	Clostridia_258483	1.0	0.0	Oscillospirales	0.9999997615814209	0.0	Acutalibacteraceae	0.9999969005584717	0.0	CAG-177	0.9999985694885254	0.0	CAG-177 sp003538135	0.9999687671661377	0.0005	253
ASV140	Bacteria	0.9999994039535522	0.0	Bacillota_I	1.0	0.0	Bacilli_A	0.9999998807907104	0.0	Lactobacillales	0.9999995231628418	0.0	Streptococcaceae	0.9999995231628418	0.0	Streptococcus	0.9999996423721313	0.0	Streptococcus thermophilus	0.9999489784240723	0.0007	252
ASV141	Bacteria	0.999998927116394	0.0	Bacillota_A_368345	0.999757707118988	0.0026	Clostridia_258483	0.9995691180229187	0.0041	Christensenellales	0.9976309537887573	0.0194	CAG-138	0.9685447812080383	0.166	PeH17	0.9768176078796387	0.1678	PeH17 sp000435055	0.9573885798454285	0.3176	253
ASV142	Bacteria	1.0	0.0	Bacteroidota	1.0	0.0	Bacteroidia	1.0	0.0	Bacteroidales	0.9999978542327881	0.0	Porphyromonadaceae	0.999977707862854	0.0003	Porphyromonas_A	0.9999802112579346	0.0003	Porphyromonas_A sp001808555	0.9999959468841553	0.0001	253
ASV143	Bacteria	1.0	0.0	Verrucomicrobiota	1.0	0.0	Verrucomicrobiae	0.9999982118606567	0.0	Verrucomicrobiales	0.9999995231628418	0.0	Akkermansiaceae	0.9999841451644897	0.0002	Akkermansia	0.9999983310699463	0.0	Akkermansia muciniphila_D_776786	0.9999130964279175	0.0012	253
ASV144	Bacteria	1.0	0.0	Cyanobacteriota	0.9999986886978149	0.0	Vampirovibrionia	0.9999915361404419	0.0001	Gastranaerophilales	0.9999932050704956	0.0001	Gastranaerophilaceae	0.9999984502792358	0.0	CAG-196	0.9999862909317017	0.0002	CAG-196 sp002102975	0.9999752044677734	0.0004	253
ASV145	Bacteria	0.9999997615814209	0.0	Bacillota_A_368345	1.0	0.0	Clostridia_258483	1.0	0.0	Oscillospirales	0.9999998807907104	0.0	Oscillospiraceae_88309	0.9999932050704956	0.0001	Vescimonas	0.9999997615814209	0.0	Vescimonas fastidiosa	0.9999289512634277	0.001	253
ASV146	Bacteria	0.9999998807907104	0.0	Bacteroidota	0.9999943971633911	0.0001	Bacteroidia	0.9999984502792358	0.0	Bacteroidales	0.9999899864196777	0.0001	Bacteroidaceae	0.9999804496765137	0.0003	Prevotella	0.9999921321868896	0.0001	Prevotella histicola	0.6371880173683167	2.1873	253
ASV147	Bacteria	1.0	0.0	Bacillota_A_368345	0.9999998807907104	0.0	Clostridia_258483	1.0	0.0	Saccharofermentanales	0.9997833371162415	0.0023	DTU023	0.9993662238121033	0.0066	SFGY01	0.9971140623092651	0.0291	SFGY01 sp004556455	0.9805473685264587	0.2064	253
ASV148	Bacteria	0.9999998807907104	0.0	Bacteroidota	0.9999998807907104	0.0	Bacteroidia	0.9999998807907104	0.0	Bacteroidales	0.9999074935913086	0.001	Porphyromonadaceae	0.9999923706054688	0.0001	Porphyromonas_A	0.9999942779541016	0.0001	Porphyromonas_A asaccharolytica	0.999988317489624	0.0002	253
ASV149	Bacteria	0.9999998807907104	0.0	Bacillota_C	0.9999996423721313	0.0	Negativicutes	0.999998927116394	0.0	Veillonellales	0.9999983310699463	0.0	Dialisteraceae	0.9998340606689453	0.0021	Dialister_37762	0.9997144341468811	0.0037	Dialister micraerophilus	0.9998358488082886	0.0026	252
ASV150	Bacteria	1.0	0.0	Bacillota_A_368345	1.0	0.0	Clostridia_258483	1.0	0.0	Oscillospirales	0.9999990463256836	0.0	Ruminococcaceae	0.9999973773956299	0.0	Gemmiger_A_73129	0.9999978542327881	0.0	Gemmiger_A_73129 qucibialis	0.9999973773956299	0.0	253
ASV151	Bacteria	0.9999991655349731	0.0	Bacillota_C	0.9998114705085754	0.0023	Negativicutes	0.999548614025116	0.0053	Veillonellales	0.9999731779098511	0.0004	Megasphaeraceae	0.9999195337295532	0.0012	Anaeroglobus_38531	0.9996770620346069	0.0045	Anaeroglobus vaginalis	0.9987120628356934	0.0192	252
ASV152	Bacteria	1.0	0.0	Bacillota_I	0.999990701675415	0.0001	Bacilli_A	0.999994158744812	0.0001	Erysipelotrichales	0.9999717473983765	0.0004	Coprobacillaceae	0.9999980926513672	0.0	Catenibacterium	0.9999874830245972	0.0002	Unclassified_Catenibacterium	0.6455226540565491	0.7485	252
ASV153	Bacteria	0.9999980926513672	0.0	Bacillota_A_368345	0.9999991655349731	0.0	Clostridia_258483	0.9999948740005493	0.0001	Lachnospirales	0.9999974966049194	0.0	Lachnospiraceae	0.9999960660934448	0.0001	Enterocloster	0.9991044402122498	0.0104	Unclassified_Enterocloster	0.9996533393859863	0.005	253
ASV154	Bacteria	1.0	0.0	Bacillota_A_368345	1.0	0.0	Clostridia_258483	0.9999998807907104	0.0	Oscillospirales	0.9999988079071045	0.0	Acutalibacteraceae	0.9999997615814209	0.0	Fimenecus	0.9999985694885254	0.0	Fimenecus sp000432435	0.9999980926513672	0.0	253
ASV155	Bacteria	0.9999995231628418	0.0	Cyanobacteriota	0.9999393224716187	0.0008	Vampirovibrionia	0.998794436454773	0.0107	Gastranaerophilales	0.9999933242797852	0.0001	Gastranaerophilaceae	0.9999786615371704	0.0004	Stercorousia	0.9999945163726807	0.0001	Unclassified_Stercorousia	0.9995835423469543	0.0056	253
ASV156	Bacteria	0.9999985694885254	0.0	Actinomycetota	0.9999829530715942	0.0002	Actinomycetes	0.9999805688858032	0.0002	Actinomycetales	0.9998518228530884	0.0015	Bifidobacteriaceae	0.9999687671661377	0.0004	Bifidobacterium_388775	0.9998144507408142	0.0021	Bifidobacterium angulatum	0.9410812258720398	0.3945	253
ASV157	Bacteria	1.0	0.0	Bacteroidota	0.9999985694885254	0.0	Bacteroidia	0.9999792575836182	0.0003	Bacteroidales	0.9997206330299377	0.0035	Bacteroidaceae	0.9999861717224121	0.0002	Bacteroides_H_857956	0.999983549118042	0.0003	Bacteroides_H_857956 salyersiae	0.999872088432312	0.0014	253
ASV158	Bacteria	1.0	0.0	Bacillota_A_368345	0.9999967813491821	0.0001	Clostridia_258483	0.9999979734420776	0.0	Saccharofermentanales	0.998227059841156	0.0169	DTU023	0.9930905699729919	0.0599	SFGY01	0.9964029788970947	0.0396	SFGY01 sp004556455	0.9726237058639526	0.2826	253
ASV159	Bacteria	0.9999995231628418	0.0	Bacteroidota	1.0	0.0	Bacteroidia	1.0	0.0	Bacteroidales	0.999460756778717	0.0061	Porphyromonadaceae	0.999950647354126	0.0007	Porphyromonas_A	0.9995421171188354	0.0065	Porphyromonas_A somerae	0.9947184324264526	0.0726	253
ASV160	Bacteria	1.0	0.0	Bacteroidota	0.9999997615814209	0.0	Bacteroidia	1.0	0.0	Bacteroidales	0.9997279047966003	0.0028	Rikenellaceae	0.9999696016311646	0.0004	Rikenella	0.9999948740005493	0.0001	Rikenella microfusus	0.9999518394470215	0.0007	253
ASV161	Bacteria	1.0	0.0	Verrucomicrobiota	1.0	0.0	Verrucomicrobiae	1.0	0.0	Verrucomicrobiales	0.9999991655349731	0.0	Akkermansiaceae	0.9999476671218872	0.0007	Akkermansia	0.9999592304229736	0.0006	Akkermansia biwaensis	0.9996540546417236	0.0044	253
ASV162	Bacteria	1.0	0.0	Bacteroidota	1.0	0.0	Bacteroidia	1.0	0.0	Bacteroidales	0.999992847442627	0.0001	Bacteroidaceae	0.9999969005584717	0.0001	Bacteroides_H_857956	0.9999992847442627	0.0	Bacteroides_H_857956 xylanisolvens	0.999600350856781	0.0046	253
ASV163	Bacteria	0.9999951124191284	0.0001	Bacillota_A_368345	0.9999902248382568	0.0001	Clostridia_258483	0.999997615814209	0.0	Lachnospirales	0.9997910857200623	0.0024	Lachnospiraceae	0.9998283386230469	0.0024	Otoolea_134252	0.9999603033065796	0.0006	Unclassified_Otoolea_134252	0.5548357367515564	0.7256	253
ASV164	Bacteria	1.0	0.0	Bacillota_A_368345	0.9999951124191284	0.0001	Clostridia_258483	0.9999929666519165	0.0001	Oscillospirales	0.9998810291290283	0.0016	Oscillospiraceae_88309	0.999885082244873	0.0016	Lawsonibacter	0.9964935183525085	0.0387	Lawsonibacter sp000177015	0.9986010193824768	0.0196	253
ASV165	Bacteria	1.0	0.0	Bacillota_A_368345	0.9999998807907104	0.0	Clostridia_258483	1.0	0.0	Lachnospirales	0.9999960660934448	0.0001	Lachnospiraceae	0.999993085861206	0.0001	Wujia	0.9999953508377075	0.0001	Wujia chipingensis	0.9999943971633911	0.0001	253
ASV166	Bacteria	0.9999985694885254	0.0	Bacillota_A_368345	0.9998965263366699	0.0012	Clostridia_258483	0.9884313344955444	0.0688	Tissierellales	0.9974775910377502	0.0245	Peptoniphilaceae	0.9966114163398743	0.03	Unclassified_Peptoniphilaceae	0.8454551100730896	1.205	Unclassified_Peptoniphilaceae	0.6459211707115173	3.2542	252
ASV167	Bacteria	0.9999995231628418	0.0	Bacillota_A_368345	0.9999982118606567	0.0	Clostridia_258483	0.9999995231628418	0.0	Peptostreptococcales	0.9999914169311523	0.0001	Anaerovoracaceae	0.9999758005142212	0.0004	Alterileibacterium	0.9999715089797974	0.0004	Unclassified_Alterileibacterium	0.9722056984901428	0.1681	252
ASV168	Bacteria	0.9999998807907104	0.0	Bacillota_A_368345	0.9999994039535522	0.0	Clostridia_258483	0.9999998807907104	0.0	Oscillospirales	0.9999994039535522	0.0	Acutalibacteraceae	0.9999977350234985	0.0	Eubacterium_R	1.0	0.0	Unclassified_Eubacterium_R	0.999035120010376	0.0098	253
ASV169	Bacteria	1.0	0.0	Bacillota_A_368345	0.9999998807907104	0.0	Clostridia_258483	0.9999967813491821	0.0	Tissierellales	0.9999827146530151	0.0002	Peptoniphilaceae	0.9999780654907227	0.0003	Mediannikoviicoccus	0.9999772310256958	0.0003	Mediannikoviicoccus massiliensis	0.9993042945861816	0.0098	252
ASV170	Bacteria	1.0	0.0	Bacillota_A_368345	0.9999994039535522	0.0	Clostridia_258483	0.9999970197677612	0.0	Tissierellales	0.9999855756759644	0.0002	Peptoniphilaceae	0.9999992847442627	0.0	Murdochiella	0.9999531507492065	0.0006	Murdochiella vaginalis	0.9998086094856262	0.0026	252
ASV171	Bacteria	0.9999979734420776	0.0	Desulfobacterota_G_459543	0.9422613382339478	0.2284	Desulfovibrionia	0.8650210499763489	0.3998	Desulfovibrionales	0.92188560962677	0.2806	Desulfovibrionaceae	0.9306548237800598	0.2616	Bilophila	0.8813168406486511	0.5877	Bilophila wadsworthia	0.8499152064323425	1.0547	253
ASV172	Bacteria	1.0	0.0	Bacillota_A_368345	1.0	0.0	Clostridia_258483	1.0	0.0	Oscillospirales	0.9999990463256836	0.0	Ruminococcaceae	0.9999098777770996	0.001	Angelakisella	0.9999406337738037	0.0008	Angelakisella massiliensis	0.9999662637710571	0.0006	252
ASV173	Bacteria	0.9999971389770508	0.0	Bacteroidota	0.9999979734420776	0.0	Bacteroidia	0.9999996423721313	0.0	Bacteroidales	0.9999872446060181	0.0002	Bacteroidaceae	0.9999814033508301	0.0003	Prevotella	0.9999755620956421	0.0004	Prevotella bergensis	0.9993364214897156	0.0102	253
ASV174	Bacteria	0.9999978542327881	0.0	Bacillota_A_368345	0.9999881982803345	0.0002	Clostridia_258483	0.9999805688858032	0.0003	Lachnospirales	0.9996384382247925	0.0047	Lachnospiraceae	0.9999395608901978	0.001	Roseburia_A_166204	0.9998582601547241	0.0022	Roseburia_A_166204 hominis	0.9982951283454895	0.0138	253
ASV175	Bacteria	0.9999998807907104	0.0	Bacteroidota	0.9999951124191284	0.0001	Bacteroidia	1.0	0.0	Bacteroidales	0.9998307228088379	0.002	Porphyromonadaceae	0.9999260902404785	0.0009	Porphyromonas_A	0.9998040795326233	0.0029	Porphyromonas_A sp001552775	0.9995328187942505	0.0074	253
ASV176	Bacteria	1.0	0.0	Bacillota_A_368345	1.0	0.0	Clostridia_258483	1.0	0.0	TANB77	0.9999825954437256	0.0002	CAG-508	0.9999877214431763	0.0002	Merdicola	0.9999619722366333	0.0004	Merdicola sp900552655	0.9999240636825562	0.0009	253
ASV177	Bacteria	0.9999998807907104	0.0	Bacillota_A_368345	0.9999994039535522	0.0	Clostridia_258483	0.9999996423721313	0.0	Lachnospirales	0.9999972581863403	0.0	Lachnospiraceae	1.0	0.0	Oliverpabstia	0.9999997615814209	0.0	Oliverpabstia tarda	0.999997615814209	0.0	253
ASV178	Bacteria	0.999998927116394	0.0	Bacillota_A_368345	0.9999995231628418	0.0	Clostridia_258483	0.9999988079071045	0.0	Lachnospirales	0.9999845027923584	0.0002	Lachnospiraceae	0.9999856948852539	0.0002	Roseburia_C	0.9979639053344727	0.0173	Roseburia_C amylophila	0.9041568636894226	0.3859	253
ASV179	Bacteria	0.9999996423721313	0.0	Bacillota_I	0.9999946355819702	0.0001	Bacilli_A	0.999997615814209	0.0	Staphylococcales	0.999355137348175	0.0069	Gemellaceae	0.998241662979126	0.0204	Gemella	0.9978598952293396	0.0257	Gemella asaccharolytica	0.97210294008255	0.2865	253
ASV180	Bacteria	0.9999986886978149	0.0	Bacillota_A_368345	0.9999399185180664	0.0009	Clostridia_258483	0.9998486042022705	0.0022	Lachnospirales	0.9994975328445435	0.0062	Lachnospiraceae	0.9998784065246582	0.0019	Hungatella_A_128155	0.7369665503501892	0.6112	Hungatella_A_128155 effluvii	0.7022379040718079	0.6859	253
ASV181	Bacteria	1.0	0.0	Pseudomonadota	1.0	0.0	Alphaproteobacteria	0.9999997615814209	0.0	RF32	0.9999830722808838	0.0002	CAG-239	0.9999923706054688	0.0001	Unclassified_CAG-239	0.999972939491272	0.0004	Unclassified_CAG-239	0.9999005794525146	0.0017	253
ASV182	Bacteria	0.9999998807907104	0.0	Bacillota_I	1.0	0.0	Bacilli_A	1.0	0.0	Erysipelotrichales	0.9999996423721313	0.0	Coprobacillaceae	0.9999997615814209	0.0	Faecalibacillus	0.9999998807907104	0.0	Faecalibacillus intestinalis	0.999996542930603	0.0001	252
ASV183	Bacteria	0.9999990463256836	0.0	Desulfobacterota_G_459543	0.9898763298988342	0.069	Limnochordia	0.7052841186523438	0.653	Desulfovibrionales	0.527385950088501	0.8041	Desulfovibrionaceae	0.7607302069664001	0.632	Bilophila	0.451247900724411	2.9154	Bilophila wadsworthia	0.4129970967769623	4.2839	253
ASV184	Bacteria	1.0	0.0	Bacillota_A_368345	0.9999998807907104	0.0	Clostridia_258483	1.0	0.0	Clostridiales	0.9999985694885254	0.0	Clostridiaceae_222000	0.9999998807907104	0.0	Sarcina_201128	0.9999978542327881	0.0	Sarcina ventriculi	0.9999957084655762	0.0001	253
ASV185	Bacteria	0.9999504089355469	0.0005	Bacillota_A_368345	0.9999998807907104	0.0	Clostridia_258483	0.9999994039535522	0.0	Lachnospirales	0.9998921155929565	0.0013	Lachnospiraceae	0.9999698400497437	0.0005	Alitiscatomonas	0.9998779296875	0.0016	Alitiscatomonas aceti	0.9999710321426392	0.0005	253
ASV186	Bacteria	0.9999974966049194	0.0	Bacillota_A_368345	0.9999995231628418	0.0	Clostridia_258483	0.9999998807907104	0.0	Lachnospirales	0.9999946355819702	0.0001	Lachnospiraceae	0.9999995231628418	0.0	Porcincola	0.9419950246810913	0.4202	Unclassified_Porcincola	0.9473475217819214	0.5318	253
ASV187	Bacteria	0.9999998807907104	0.0	Bacteroidota	0.9743005633354187	0.1933	Bacteroidia	0.7314526438713074	1.449	Bacteroidales	0.9926303625106812	0.0752	Bacteroidaceae	0.9986889958381653	0.0167	Prevotella	0.9865472316741943	0.1372	Prevotella sp902776665	0.7806788086891174	2.1936	253
ASV188	Bacteria	1.0	0.0	Bacillota_A_368345	0.9999911785125732	0.0001	Clostridia_258483	0.9999872446060181	0.0002	Oscillospirales	0.9997715353965759	0.003	Oscillospiraceae_88309	0.9999699592590332	0.0004	Lawsonibacter	0.9993026256561279	0.0076	Lawsonibacter sp000177015	0.9990276098251343	0.0112	253
ASV189	Bacteria	0.9999496936798096	0.0005	Bacillota_I	0.9999934434890747	0.0001	Bacilli_A	0.9999908208847046	0.0002	Lactobacillales	0.9998809099197388	0.0018	Streptococcaceae	0.9999827146530151	0.0003	Streptococcus	0.9999182224273682	0.0012	Streptococcus anginosus	0.998956561088562	0.0138	252
ASV190	Bacteria	1.0	0.0	Bacillota_A_368345	0.9996926784515381	0.0029	Clostridia_258483	0.9999531507492065	0.0006	Oscillospirales	0.9999947547912598	0.0001	Acutalibacteraceae	0.9999881982803345	0.0002	Unclassified_Acutalibacteraceae	0.9939594268798828	0.0651	Unclassified_Acutalibacteraceae	0.9696525931358337	0.3259	253
ASV191	Bacteria	0.9999998807907104	0.0	Bacillota_A_368345	0.9999983310699463	0.0	Clostridia_258483	0.9999995231628418	0.0	Oscillospirales	0.9999992847442627	0.0	Acutalibacteraceae	0.9999897480010986	0.0002	Eubacterium_R	0.9999761581420898	0.0003	Eubacterium_R sp000436835	0.9999874830245972	0.0002	253
ASV192	Bacteria	0.9999936819076538	0.0001	Bacillota_I	0.9999996423721313	0.0	Bacilli_A	0.9999994039535522	0.0	Lactobacillales	1.0	0.0	Streptococcaceae	1.0	0.0	Streptococcus	0.9999996423721313	0.0	Streptococcus sp001578885	0.8888775706291199	0.3988	252
ASV193	Bacteria	1.0	0.0	Bacteroidota	1.0	0.0	Bacteroidia	1.0	0.0	Bacteroidales	0.9999758005142212	0.0003	Barnesiellaceae	0.9999831914901733	0.0002	Barnesiella_B	0.9999896287918091	0.0002	Barnesiella_B intestinihominis	0.9999903440475464	0.0002	253
ASV194	Bacteria	1.0	0.0	Bacteroidota	1.0	0.0	Bacteroidia	1.0	0.0	Bacteroidales	0.9999569654464722	0.0005	Barnesiellaceae	0.9999992847442627	0.0	Barnesiella_B	0.9999973773956299	0.0	Barnesiella_B intestinihominis	0.999996542930603	0.0001	253
ASV195	Bacteria	0.9999997615814209	0.0	Synergistota	0.9999526739120483	0.0006	Synergistia	0.999828577041626	0.0021	Synergistales	0.9999397993087769	0.0008	Dethiosulfovibrionaceae	0.999983549118042	0.0002	Jonquetella	0.9999547004699707	0.0007	Jonquetella anthropi	0.9998939037322998	0.0019	254
ASV196	Bacteria	0.9999995231628418	0.0	Bacillota_A_368345	1.0	0.0	Clostridia_258483	1.0	0.0	Lachnospirales	0.9999972581863403	0.0	Lachnospiraceae	0.9999997615814209	0.0	Acetatifactor	0.999992847442627	0.0001	Acetatifactor acetigignens	0.9999885559082031	0.0002	253
ASV197	Bacteria	0.9999994039535522	0.0	Bacillota_A_368345	1.0	0.0	Clostridia_258483	0.9999998807907104	0.0	Lachnospirales	0.9999899864196777	0.0001	Lachnospiraceae	0.9999951124191284	0.0001	Lachnospira	0.9999974966049194	0.0	Lachnospira eligens	0.9998937845230103	0.0011	253
ASV198	Bacteria	0.9999998807907104	0.0	Actinomycetota	0.999983549118042	0.0002	Coriobacteriia	0.9999544620513916	0.0006	Coriobacteriales	0.9999610185623169	0.0006	Atopobiaceae	0.9999829530715942	0.0003	Fannyhessea	0.9999144077301025	0.0012	Fannyhessea vaginae	0.9976717829704285	0.0282	252
ASV199	Bacteria	1.0	0.0	Bacteroidota	0.9999980926513672	0.0	Bacteroidia	0.9999947547912598	0.0001	Bacteroidales	0.9999352693557739	0.0009	Bacteroidaceae	0.9999533891677856	0.0007	Bacteroides_H_857956	0.9999904632568359	0.0002	Bacteroides_H_857956 finegoldii	0.8972775340080261	0.4332	253
ASV200	Bacteria	0.999996542930603	0.0	Bacteroidota	0.9999970197677612	0.0	Bacteroidia	0.9999985694885254	0.0	Bacteroidales	0.9998726844787598	0.0016	Rikenellaceae	0.9999293088912964	0.0011	Alistipes_A_871400	0.9999700784683228	0.0005	Alistipes_A_871400 communis	0.9999955892562866	0.0001	253
ASV201	Bacteria	0.9999998807907104	0.0	Bacillota_I	1.0	0.0	Bacilli_A	1.0	0.0	Lactobacillales	0.9999991655349731	0.0	Lactobacillaceae	0.9999991655349731	0.0	Lactobacillus	0.9999927282333374	0.0001	Lactobacillus johnsonii	0.8351229429244995	0.7491	253
ASV202	Bacteria	0.9999998807907104	0.0	Pseudomonadota	1.0	0.0	Gammaproteobacteria	1.0	0.0	Enterobacterales_737866	1.0	0.0	Succinivibrionaceae	1.0	0.0	Succinivibrio	1.0	0.0	Succinivibrio sp000431835	1.0	0.0	253
ASV203	Bacteria	1.0	0.0	Bacillota_A_368345	0.9999972581863403	0.0	Clostridia_258483	0.9999959468841553	0.0001	Lachnospirales	0.9999977350234985	0.0	Lachnospiraceae	0.9999971389770508	0.0001	Dorea_A	0.9992594122886658	0.0071	Unclassified_Dorea_A	0.9976186156272888	0.0293	253
ASV204	Bacteria	0.9999998807907104	0.0	Bacillota_A_368345	1.0	0.0	Clostridia_258483	1.0	0.0	Oscillospirales	0.9999997615814209	0.0	Oscillospiraceae_88309	0.9999992847442627	0.0	Faecousia	0.9999996423721313	0.0	Faecousia sp000434635	0.9999966621398926	0.0001	253
ASV205	Bacteria	0.9999992847442627	0.0	Bacillota_A_368345	1.0	0.0	Clostridia_258483	1.0	0.0	Lachnospirales	0.999994158744812	0.0001	Lachnospiraceae	0.9999988079071045	0.0	Alitiscatomonas	0.9999910593032837	0.0001	Alitiscatomonas sp900066535	0.9999979734420776	0.0	253
ASV206	Bacteria	0.9999990463256836	0.0	Bacillota_A_368345	0.9999983310699463	0.0	Clostridia_258483	0.9999983310699463	0.0	Oscillospirales	0.9991921782493591	0.0077	Oscillospiraceae_88309	0.999941349029541	0.0008	Lawsonibacter	0.9983341097831726	0.0192	Lawsonibacter faecis	0.9985349178314209	0.0176	253
ASV207	Bacteria	0.9999990463256836	0.0	Bacillota_A_368345	1.0	0.0	Clostridia_258483	1.0	0.0	Oscillospirales	0.9999945163726807	0.0001	Acutalibacteraceae	0.9999995231628418	0.0	Unclassified_Acutalibacteraceae	0.9999427795410156	0.0008	Unclassified_Acutalibacteraceae	0.9997197985649109	0.0039	253
ASV208	Bacteria	1.0	0.0	Bacteroidota	1.0	0.0	Bacteroidia	1.0	0.0	Bacteroidales	0.999958872795105	0.0005	UBA932	0.9998862743377686	0.0013	Egerieousia	0.6061090230941772	1.3401	Unclassified_Egerieousia	0.2798653244972229	5.1906	253
ASV209	Bacteria	1.0	0.0	Bacillota_A_368345	1.0	0.0	Clostridia_258483	1.0	0.0	TANB77	0.9999984502792358	0.0	CAG-508	0.9999982118606567	0.0	Unclassified_CAG-508	0.9999997615814209	0.0	Unclassified_CAG-508	0.9999988079071045	0.0	253
ASV210	Bacteria	1.0	0.0	Bacillota_A_368345	0.9999998807907104	0.0	Clostridia_258483	0.9999998807907104	0.0	Oscillospirales	0.9999973773956299	0.0	Ruminococcaceae	0.9999916553497314	0.0001	Negativibacillus	0.9999984502792358	0.0	Negativibacillus massiliensis	0.9999829530715942	0.0003	252
ASV211	Bacteria	0.9999998807907104	0.0	Bacillota_A_368345	1.0	0.0	Clostridia_258483	1.0	0.0	TANB77	0.9999984502792358	0.0	CAG-508	0.9999808073043823	0.0002	CAG-273	0.9999942779541016	0.0001	Unclassified_CAG-273	0.9999911785125732	0.0001	253
ASV212	Bacteria	0.9999998807907104	0.0	Bacillota_A_368345	0.9999988079071045	0.0	Clostridia_258483	0.9999973773956299	0.0	Oscillospirales	0.999997615814209	0.0	Oscillospiraceae_88309	0.9999932050704956	0.0001	Dysosmobacter	0.9997969269752502	0.0021	Dysosmobacter welbionis	0.9998371601104736	0.0023	253
ASV213	Bacteria	0.9999986886978149	0.0	Bacillota_A_368345	0.9999997615814209	0.0	Clostridia_258483	0.9999994039535522	0.0	Lachnospirales	0.9999837875366211	0.0002	Lachnospiraceae	0.9999915361404419	0.0001	Lachnospira	0.9999699592590332	0.0004	Lachnospira eligens	0.9991069436073303	0.0076	253
ASV214	Bacteria	0.9999622106552124	0.0004	Actinomycetota	0.9998863935470581	0.0015	Actinomycetes	0.9999752044677734	0.0004	Mycobacteriales	0.9999189376831055	0.0012	Mycobacteriaceae	0.9999997615814209	0.0	Corynebacterium	0.9999343156814575	0.0011	Corynebacterium imitans	0.9960726499557495	0.0387	254
ASV215	Bacteria	0.9999998807907104	0.0	Pseudomonadota	1.0	0.0	Gammaproteobacteria	0.9999986886978149	0.0	Burkholderiales	1.0	0.0	Burkholderiaceae_A_595427	0.9999997615814209	0.0	Sutterella	0.9999878406524658	0.0002	Sutterella wadsworthensis_A_565807	0.9999972581863403	0.0	253
ASV216	Bacteria	0.9999998807907104	0.0	Bacillota_A_368345	0.9999997615814209	0.0	Clostridia_258483	0.9999998807907104	0.0	Peptostreptococcales	0.9999996423721313	0.0	Anaerovoracaceae	0.9999973773956299	0.0	S5-A14a	0.49867790937423706	1.8759	Emergencia timonensis	0.17487704753875732	4.3841	252
ASV217	Bacteria	1.0	0.0	Bacillota_A_368345	1.0	0.0	Clostridia_258483	1.0	0.0	Christensenellales	0.9999983310699463	0.0	Aristaeellaceae	1.0	0.0	SFMI01	0.9999979734420776	0.0	Unclassified_SFMI01	0.9999759197235107	0.0003	253
ASV218	Bacteria	1.0	0.0	Bacillota_A_368345	0.9999964237213135	0.0001	Clostridia_258483	0.9999830722808838	0.0002	Tissierellales	0.9935619831085205	0.047	Peptoniphilaceae	0.9995742440223694	0.0052	Kallipyga	0.9985883831977844	0.0148	Kallipyga massiliensis	0.9885616302490234	0.1216	252
ASV219	Bacteria	0.9999983310699463	0.0	Bacillota_A_368345	0.9999874830245972	0.0002	Clostridia_258483	0.9999978542327881	0.0	Tissierellales	0.9999837875366211	0.0002	Peptoniphilaceae	0.9999983310699463	0.0	Anaerococcus	0.9999951124191284	0.0001	Anaerococcus prevotii	0.9819179177284241	0.1043	252
ASV220	Bacteria	0.9999995231628418	0.0	Bacillota_A_368345	0.9999897480010986	0.0002	Clostridia_258483	0.9999959468841553	0.0001	Oscillospirales	0.9998775720596313	0.0016	Acutalibacteraceae	0.9999822378158569	0.0003	CAG-217	0.999984860420227	0.0002	Unclassified_CAG-217	0.9051563739776611	0.3861	253
ASV221	Bacteria	0.9999998807907104	0.0	Bacillota_A_368345	0.9988001585006714	0.0093	Clostridia_258483	0.9998807907104492	0.0013	Peptostreptococcales	0.9400428533554077	0.3029	Filifactoraceae	0.9970552921295166	0.029	Proteocatella_235811	0.9966088533401489	0.0294	Proteocatella sp009929415	0.991769552230835	0.0842	253
ASV222	Bacteria	0.9999998807907104	0.0	Pseudomonadota	1.0	0.0	Alphaproteobacteria	1.0	0.0	RF32	0.9986653327941895	0.0112	CAG-239	0.9998546838760376	0.0018	Scatocola	0.9996576309204102	0.0043	Scatocola faecipullorum	0.9988314509391785	0.0166	253
ASV223	Bacteria	0.9999880790710449	0.0001	Actinomycetota	0.9999927282333374	0.0001	Actinomycetes	0.9999964237213135	0.0001	Actinomycetales	0.999976396560669	0.0004	Bifidobacteriaceae	0.999997615814209	0.0	Bifidobacterium_388775	0.9999451637268066	0.001	Bifidobacterium adolescentis	0.998702883720398	0.0122	253
ASV224	Bacteria	0.9999997615814209	0.0	Bacillota_A_368345	0.9999985694885254	0.0	Clostridia_258483	1.0	0.0	Lachnospirales	0.9999979734420776	0.0	Lachnospiraceae	0.9999995231628418	0.0	Blautia_A_141781	0.998422384262085	0.017	Blautia_A_141781 caecimuris	0.997744083404541	0.0262	253
ASV225	Bacteria	1.0	0.0	Bacillota_A_368345	1.0	0.0	Clostridia_258483	1.0	0.0	Lachnospirales	0.9999995231628418	0.0	Lachnospiraceae	0.9999996423721313	0.0	Anaerostipes	0.999998927116394	0.0	Anaerostipes hadrus	0.9999985694885254	0.0	253
ASV226	Bacteria	0.9999997615814209	0.0	Bacillota_C	0.9999669790267944	0.0004	Negativicutes	0.9999675750732422	0.0004	Veillonellales	0.9998816251754761	0.0016	Negativicoccaceae	0.9999709129333496	0.0004	Unclassified_Negativicoccaceae	0.9998886585235596	0.0016	Unclassified_Negativicoccaceae	0.9997865557670593	0.0034	252
ASV227	Bacteria	1.0	0.0	Bacillota_A_368345	1.0	0.0	Clostridia_258483	1.0	0.0	Christensenellales	0.9999997615814209	0.0	Aristaeellaceae	0.9999988079071045	0.0	Onthenecus	0.9999986886978149	0.0	Unclassified_Onthenecus	0.9999986886978149	0.0	253
ASV228	Bacteria	0.9999994039535522	0.0	Bacillota_A_368345	0.9999994039535522	0.0	Clostridia_258483	0.9999991655349731	0.0	Oscillospirales	0.9999637603759766	0.0005	Oscillospiraceae_88309	0.9999909400939941	0.0001	Lawsonibacter	0.9915112853050232	0.0644	Lawsonibacter asaccharolyticus	0.9861543774604797	0.1337	253
ASV229	Bacteria	0.9999985694885254	0.0	Bacillota_A_368345	1.0	0.0	Clostridia_258483	0.9999998807907104	0.0	Lachnospirales	1.0	0.0	Lachnospiraceae	1.0	0.0	Enterocloster	0.9998942613601685	0.0012	Enterocloster sp000431375	0.9999406337738037	0.0007	253
ASV230	Bacteria	1.0	0.0	Bacillota_A_368345	0.9999998807907104	0.0	Clostridia_258483	1.0	0.0	Oscillospirales	0.9999998807907104	0.0	Acutalibacteraceae	0.9999933242797852	0.0001	Eubacterium_R	0.9999977350234985	0.0	Eubacterium_R sp000436835	0.9999964237213135	0.0001	253
ASV231	Bacteria	0.9999834299087524	0.0002	Bacillota_I	0.9997859597206116	0.0028	Bacilli_A	0.9997292160987854	0.0035	Staphylococcales	0.9999039173126221	0.0014	Staphylococcaceae	0.999902606010437	0.0013	Staphylococcus	0.9998329877853394	0.0025	Unclassified_Staphylococcus	0.6739020943641663	1.3481	253
ASV232	Bacteria	0.9999898672103882	0.0001	Bacillota_A_368345	0.9999234676361084	0.001	Clostridia_258483	0.9999485015869141	0.0008	Oscillospirales	0.9999579191207886	0.0006	Acutalibacteraceae	0.9997606873512268	0.0031	Unclassified_Acutalibacteraceae	0.9966238737106323	0.0415	Unclassified_Acutalibacteraceae	0.9912028312683105	0.1133	253
ASV233	Bacteria	1.0	0.0	Bacillota_A_368345	0.9999914169311523	0.0001	Clostridia_258483	0.9999990463256836	0.0	Tissierellales	0.9997398257255554	0.0025	Peptoniphilaceae	0.9999558925628662	0.0006	KA00134	0.9999867677688599	0.0002	Unclassified_KA00134	0.9999240636825562	0.0013	252
ASV234	Bacteria	0.9999995231628418	0.0	Bacillota_I	0.999953031539917	0.0006	Bacilli_A	0.9999841451644897	0.0002	Mycoplasmatales	0.9999995231628418	0.0	Mycoplasmoidaceae	0.9999997615814209	0.0	Ureaplasma	0.9999979734420776	0.0	Ureaplasma parvum	0.9999434947967529	0.001	252
ASV235	Bacteria	1.0	0.0	Bacteroidota	1.0	0.0	Bacteroidia	1.0	0.0	Bacteroidales	0.999997615814209	0.0	Porphyromonadaceae	0.999947190284729	0.0007	Porphyromonas_A	0.999956488609314	0.0006	Porphyromonas_A sp001808555	0.9999958276748657	0.0001	253
ASV236	Bacteria	0.9999998807907104	0.0	Desulfobacterota_G_459543	0.9999011754989624	0.0011	Desulfovibrionia	0.9999972581863403	0.0	Desulfovibrionales	0.9999852180480957	0.0002	Desulfovibrionaceae	0.9999479055404663	0.0006	Desulfovibrio_446353	0.9998807907104492	0.0016	Desulfovibrio faecigallinarum	0.6546669006347656	2.452	253
ASV237	Bacteria	0.9999890327453613	0.0001	Actinomycetota	0.9999970197677612	0.0	Coriobacteriia	0.9999232292175293	0.0011	Coriobacteriales	0.9993904829025269	0.006	Coriobacteriaceae	0.9999759197235107	0.0004	Collinsella	0.9995174407958984	0.0073	Collinsella stercoris	0.5598783493041992	0.9501	252
ASV238	Bacteria	0.9999998807907104	0.0	Bacillota_C	0.9999967813491821	0.0	Negativicutes	0.9999924898147583	0.0001	Veillonellales	0.9999940395355225	0.0001	Dialisteraceae	0.9999992847442627	0.0	Allisonella	0.9999423027038574	0.0008	Allisonella histaminiformans	0.999914288520813	0.0014	252
ASV239	Bacteria	0.9999998807907104	0.0	Bacillota_A_368345	1.0	0.0	Clostridia_258483	1.0	0.0	Oscillospirales	0.9999672174453735	0.0004	Ruminococcaceae	1.0	0.0	Porcipelethomonas	0.9999939203262329	0.0001	Porcipelethomonas ammoniilytica	0.9999984502792358	0.0	253
ASV240	Bacteria	0.9999998807907104	0.0	Bacillota_A_368345	0.9999985694885254	0.0	Clostridia_258483	0.999992847442627	0.0001	Oscillospirales	0.9998674392700195	0.0018	Oscillospiraceae_88309	0.9998236298561096	0.0025	Lawsonibacter	0.9845736622810364	0.1056	Unclassified_Lawsonibacter	0.9898937344551086	0.0739	253
ASV241	Bacteria	1.0	0.0	Actinomycetota	0.9999710321426392	0.0004	Coriobacteriia	0.9999783039093018	0.0003	Coriobacteriales	0.9999679327011108	0.0004	Atopobiaceae	0.9999972581863403	0.0001	Atopobium	0.999516487121582	0.0065	Atopobium minutum	0.9986876845359802	0.0187	253
ASV242	Bacteria	0.9999988079071045	0.0	Bacillota_A_368345	0.9999994039535522	0.0	Clostridia_258483	0.9999998807907104	0.0	Lachnospirales	0.9999984502792358	0.0	Lachnospiraceae	0.9999998807907104	0.0	COE1	0.9999921321868896	0.0001	Unclassified_COE1	0.999983549118042	0.0002	253
ASV243	Bacteria	0.9999978542327881	0.0	Fusobacteriota	0.9999914169311523	0.0001	Fusobacteriia	0.9999901056289673	0.0002	Fusobacteriales	0.9999898672103882	0.0002	Leptotrichiaceae	0.9999176263809204	0.0011	Sneathia	0.9813392758369446	0.1964	Sneathia sanguinegens	0.5074031352996826	4.1905	253
ASV244	Bacteria	1.0	0.0	Bacillota_A_368345	1.0	0.0	Clostridia_258483	1.0	0.0	Lachnospirales	0.9999988079071045	0.0	Anaerotignaceae	0.9999994039535522	0.0	Unclassified_Anaerotignaceae	0.999771773815155	0.0023	Unclassified_Anaerotignaceae	0.9993085861206055	0.0059	253
ASV245	Bacteria	1.0	0.0	Bacillota_A_368345	1.0	0.0	Clostridia_258483	1.0	0.0	Oscillospirales	0.9999996423721313	0.0	Oscillospiraceae_88309	0.9999494552612305	0.0006	Limivicinus	0.9999518394470215	0.0006	Limivicinus sp002320035	0.9999336004257202	0.0009	253
ASV246	Bacteria	0.9999932050704956	0.0001	Actinomycetota	0.9999992847442627	0.0	Actinomycetes	0.9999998807907104	0.0	Actinomycetales	1.0	0.0	Bifidobacteriaceae	0.999996542930603	0.0	Bifidobacterium_388775	0.9999158382415771	0.0012	Bifidobacterium vaginale	0.9214788675308228	0.2871	253
ASV247	Bacteria	0.9999996423721313	0.0	Synergistota	0.9999681711196899	0.0004	Synergistia	0.9999872446060181	0.0002	Synergistales	0.9999922513961792	0.0001	Synergistaceae	0.999993085861206	0.0001	Cloacibacillus	0.9999871253967285	0.0002	Cloacibacillus porcorum	0.9999568462371826	0.0007	253
ASV248	Bacteria	0.9999985694885254	0.0	Actinomycetota	0.9999771118164062	0.0003	Actinomycetes	0.9999850988388062	0.0002	Actinomycetales	0.9999744892120361	0.0003	Actinomycetaceae	0.9999520778656006	0.0006	Mobiluncus	0.9999914169311523	0.0001	Mobiluncus curtisii	0.9942122101783752	0.0513	253
ASV249	Bacteria	0.9999996423721313	0.0	Bacillota_I	1.0	0.0	Bacilli_A	1.0	0.0	Erysipelotrichales	0.9999995231628418	0.0	Erysipelotrichaceae	0.9999996423721313	0.0	Holdemanella	0.9999998807907104	0.0	Holdemanella biformis	0.9999991655349731	0.0	253
ASV250	Bacteria	0.9999998807907104	0.0	Bacillota_A_368345	0.9999997615814209	0.0	Clostridia_258483	0.9999997615814209	0.0	Tissierellales	0.9999971389770508	0.0	Peptoniphilaceae	0.9999933242797852	0.0001	Peptoniphilus_B_226777	0.9998465776443481	0.0022	Peptoniphilus_B_226777 duerdenii	0.9998568296432495	0.0022	253
ASV251	Bacteria	0.9999997615814209	0.0	Desulfobacterota_G_459543	0.9991231560707092	0.0076	Desulfovibrionia	0.9980223178863525	0.0201	Desulfovibrionales	0.9980844259262085	0.0182	Desulfovibrionaceae	0.9983410835266113	0.0159	Desulfovibrio_446353	0.9860386848449707	0.1028	Desulfovibrio piger_A	0.9852766394615173	0.1201	253
ASV252	Bacteria	0.9999983310699463	0.0	Bacillota_A_368345	0.9999867677688599	0.0002	Clostridia_258483	0.999988317489624	0.0002	Lachnospirales	0.999946117401123	0.0007	Lachnospiraceae	0.9999775886535645	0.0003	Blautia_A_141780	0.9999899864196777	0.0002	Blautia_A_141780 celeris	0.9420468807220459	0.2626	253
ASV253	Bacteria	0.9999982118606567	0.0	Bacillota_A_368345	1.0	0.0	Clostridia_258483	1.0	0.0	Lachnospirales	0.9999998807907104	0.0	Lachnospiraceae	1.0	0.0	Coprococcus_A_187866	0.999971866607666	0.0004	Frisingicoccus caecimuris	0.9999831914901733	0.0003	253
ASV254	Bacteria	0.9999990463256836	0.0	Pseudomonadota	0.9999880790710449	0.0002	Gammaproteobacteria	0.999996542930603	0.0001	Enterobacterales_737866	0.9999955892562866	0.0001	Pasteurellaceae	0.9999979734420776	0.0	Haemophilus_D_735815	0.9997833371162415	0.0033	Unclassified_Haemophilus_D_735815	0.5925896763801575	0.8	253
ASV255	Bacteria	0.9999935626983643	0.0001	Actinomycetota	0.9999998807907104	0.0	Actinomycetes	1.0	0.0	Actinomycetales	1.0	0.0	Bifidobacteriaceae	0.9999957084655762	0.0001	Bifidobacterium_388775	0.9997751116752625	0.0027	Bifidobacterium vaginale	0.998586893081665	0.0125	253
ASV256	Bacteria	0.9999988079071045	0.0	Bacillota_C	0.999993085861206	0.0001	Negativicutes	0.9999825954437256	0.0003	Veillonellales	0.9995847344398499	0.0043	Veillonellaceae	0.9996592998504639	0.0043	Veillonella_A	0.999173104763031	0.011	Veillonella_A montpellierensis	0.9301366806030273	0.7496	252
ASV257	Bacteria	0.9999994039535522	0.0	Bacillota_A_368345	0.9999991655349731	0.0	Clostridia_258483	0.9999951124191284	0.0001	Tissierellales	0.9999914169311523	0.0001	Peptoniphilaceae	0.9999603033065796	0.0006	Aedoeadaptatus_226158	0.9999483823776245	0.0008	Peptoniphilus_B_226159 nemausensis	0.9991033673286438	0.0123	252
ASV258	Bacteria	1.0	0.0	Bacteroidota	1.0	0.0	Bacteroidia	1.0	0.0	Bacteroidales	0.9999648332595825	0.0004	Coprobacteraceae	0.9999954700469971	0.0001	Coprobacter	0.9999920129776001	0.0001	Coprobacter fastidiosus	0.9999939203262329	0.0001	253
ASV259	Bacteria	0.9999881982803345	0.0001	Bacillota_C	0.9999966621398926	0.0001	Negativicutes	0.999991774559021	0.0001	Veillonellales	0.9999834299087524	0.0002	Megasphaeraceae	0.9999659061431885	0.0004	Anaeroglobus_38550	0.9857089519500732	0.107	Anaeroglobus geminatus	0.9789955019950867	0.2369	253
ASV260	Bacteria	0.999997615814209	0.0	Actinomycetota	0.9999953508377075	0.0001	Actinomycetes	0.999998927116394	0.0	Actinomycetales	0.9999970197677612	0.0001	Bifidobacteriaceae	0.9999935626983643	0.0001	Bifidobacterium_388775	0.9999535083770752	0.0008	Bifidobacterium longum	0.5623472929000854	0.9533	253
ASV261	Bacteria	0.9999970197677612	0.0	Actinomycetota	0.9999655485153198	0.0005	Coriobacteriia	0.9999922513961792	0.0001	Coriobacteriales	0.9999643564224243	0.0006	Coriobacteriaceae	0.9999872446060181	0.0002	Collinsella	0.9999383687973022	0.0011	Unclassified_Collinsella	0.5104702711105347	1.6841	253
ASV262	Bacteria	0.9999943971633911	0.0001	Bacillota_A_368345	1.0	0.0	Clostridia_258483	1.0	0.0	Lachnospirales	0.9999879598617554	0.0002	Lachnospiraceae	0.9999963045120239	0.0001	Eubacterium_F	0.9999144077301025	0.0012	Eubacterium_F sp000687695	0.9998140931129456	0.0027	253
ASV263	Bacteria	0.9999991655349731	0.0	Bacillota_I	1.0	0.0	Bacilli_A	0.9999998807907104	0.0	Lactobacillales	0.9994329810142517	0.0055	Aerococcaceae	0.9992400407791138	0.0079	Aerococcus	0.9996059536933899	0.0048	Aerococcus christensenii	0.9996535778045654	0.0055	253
ASV264	Bacteria	1.0	0.0	Bacillota_A_368345	1.0	0.0	Clostridia_258483	1.0	0.0	Lachnospirales	0.9999990463256836	0.0	Anaerotignaceae	0.9999985694885254	0.0	Unclassified_Anaerotignaceae	0.999782145023346	0.0022	Unclassified_Anaerotignaceae	0.9997370839118958	0.0027	254
ASV265	Bacteria	0.9999992847442627	0.0	Bacillota_B_370539	0.9999911785125732	0.0001	Peptococcia_369891	0.9999966621398926	0.0001	Peptococcales_369891	0.9999990463256836	0.0	Desulfonisporaceae	0.9999759197235107	0.0003	Desulfonispora	0.9999927282333374	0.0001	Peptococcus niger	0.9999746084213257	0.0004	253
ASV266	Bacteria	0.9999982118606567	0.0	Bacteroidota	0.9999998807907104	0.0	Bacteroidia	1.0	0.0	Bacteroidales	0.9999656677246094	0.0005	Bacteroidaceae	0.9999548196792603	0.0006	Prevotella	0.999943733215332	0.0009	Prevotella bergensis	0.9995065927505493	0.0078	253
ASV267	Bacteria	0.9999998807907104	0.0	Bacillota_I	0.9999998807907104	0.0	Bacilli_A	1.0	0.0	Erysipelotrichales	0.999994158744812	0.0001	Erysipelotrichaceae	0.9999887943267822	0.0002	Holdemanella	0.9999998807907104	0.0	Holdemanella biformis	0.9999966621398926	0.0001	253
ASV268	Bacteria	1.0	0.0	Bacillota_A_368345	1.0	0.0	Clostridia_258483	1.0	0.0	UBA1381	1.0	0.0	UBA1381	1.0	0.0	Hominilimicola	1.0	0.0	Hominilimicola sp001941225	1.0	0.0	253
ASV269	Archaea	0.9999630451202393	0.0004	Thermoplasmatota	0.9999923706054688	0.0001	Thermoplasmata_1773	0.9999947547912598	0.0001	Methanomassiliicoccales	0.999987006187439	0.0002	Methanomethylophilaceae	0.999940037727356	0.0009	UBA71	0.9987680315971375	0.0127	UBA71 sp002506425	0.9930532574653625	0.0908	253
ASV270	Bacteria	0.9999995231628418	0.0	Bacillota_A_368345	1.0	0.0	Clostridia_258483	1.0	0.0	Oscillospirales	0.9999996423721313	0.0	Butyricicoccaceae	0.9999992847442627	0.0	Agathobaculum	0.9999994039535522	0.0	Agathobaculum butyriciproducens	0.9999898672103882	0.0002	253
ASV271	Bacteria	0.9999998807907104	0.0	Bacillota_A_368345	0.9999970197677612	0.0	Clostridia_258483	0.9999995231628418	0.0	Tissierellales	0.9999971389770508	0.0	Peptoniphilaceae	0.9999998807907104	0.0	Peptoniphilus_B_226777	0.9999676942825317	0.0005	Peptoniphilus_B_226777 koenoeneniae	0.9998824596405029	0.0019	252
ASV272	Bacteria	0.9999997615814209	0.0	Bacillota_A_368345	0.9999841451644897	0.0002	Clostridia_258483	0.9999877214431763	0.0002	Oscillospirales	0.9999924898147583	0.0001	Acutalibacteraceae	0.999990701675415	0.0002	Hydrogeniiclostridium	0.9999516010284424	0.0007	Hydrogeniiclostridium mannosilyticum	0.9999512434005737	0.0007	253
ASV273	Bacteria	0.9999991655349731	0.0	Bacillota_A_368345	1.0	0.0	Clostridia_258483	1.0	0.0	Oscillospirales	0.9999988079071045	0.0	Ruminococcaceae	0.9999798536300659	0.0003	Ruminiclostridium_E	0.9999967813491821	0.0001	Ruminiclostridium_E siraeum	0.9999938011169434	0.0001	253
ASV274	Bacteria	0.9999947547912598	0.0001	Desulfobacterota_G_459543	0.9993902444839478	0.0064	Desulfovibrionia	0.9999619722366333	0.0005	Desulfovibrionales	0.9999309778213501	0.0009	Desulfovibrionaceae	0.9997252821922302	0.0033	Mailhella	0.9998741149902344	0.002	Mailhella massiliensis	0.9996529817581177	0.0054	253
ASV275	Bacteria	1.0	0.0	Bacillota_A_368345	0.9999257326126099	0.0008	Clostridia_258483	0.9999582767486572	0.0005	Tissierellales	0.9973177313804626	0.0234	Peptoniphilaceae	0.9836766123771667	0.126	Finegoldia	0.9994651675224304	0.0066	Finegoldia magna_H	0.9940726161003113	0.071	252
ASV276	Bacteria	0.9999982118606567	0.0	Bacillota_A_368345	0.9893340468406677	0.0622	Clostridia_258483	0.9789000749588013	0.1081	Acidaminococcales	0.8255617618560791	0.567	Acidaminococcaceae	0.9817649126052856	0.1272	Alitiscatomonas	0.9707340598106384	0.1579	Alitiscatomonas sp900066535	0.9991463422775269	0.0115	253
