ASV	SRR10153501	SRR10153511	SRR10153503	SRR10153499	SRR10153500	SRR10153504	SRR10153502	SRR10153505	SRR10153509	SRR10153514	SRR10153507	SRR10153512	SRR10153510	SRR10153508	SRR10153506	SRR10153515	SRR10153513	SRR10153573
ASV1	0	0	0	0	462	0	0	0	104	2796	0	0	1334	3054	0	0	217	840
ASV2	140	121	0	1076	0	0	0	0	0	284	0	4499	0	0	0	0	0	2259
ASV3	2032	1099	256	405	624	1132	0	39	32	594	19	357	214	41	476	127	0	570
ASV4	0	0	0	0	0	0	0	0	0	725	0	3304	0	81	0	0	589	3006
ASV5	124	0	1247	0	323	287	0	0	786	0	0	0	916	474	2066	0	153	355
ASV6	1027	0	186	208	1464	692	0	0	163	414	527	124	645	0	790	353	0	96
ASV7	17	1917	0	0	274	177	0	0	330	460	0	0	2023	296	0	0	366	119
ASV8	0	0	0	0	0	0	0	0	0	0	0	0	0	0	0	5549	0	0
ASV9	38	588	31	2916	20	0	0	0	0	29	0	221	0	306	0	0	442	78
ASV10	72	341	348	227	535	53	0	0	289	26	19	0	0	371	654	1386	24	62
ASV11	0	0	0	29	284	1249	0	0	48	0	332	0	193	12	630	0	1213	0
ASV12	558	0	16	78	656	154	309	612	328	239	221	0	338	0	0	0	149	34
ASV13	0	0	0	0	12	0	165	2520	0	113	540	5	0	0	0	0	30	0
ASV14	0	0	0	203	0	0	0	0	3096	0	0	0	0	0	0	0	0	0
ASV15	0	0	78	173	313	523	0	0	115	252	10	188	274	150	559	0	0	440
ASV16	13	1448	483	0	201	23	0	0	94	0	0	0	204	86	0	0	0	182
ASV17	0	0	2583	0	0	0	0	0	0	0	0	0	0	0	0	0	87	0
ASV18	0	0	198	976	6	451	106	592	0	0	0	0	131	0	0	0	172	0
ASV19	0	0	68	48	162	565	0	0	0	315	854	20	211	10	38	0	142	26
ASV20	178	475	217	222	189	547	0	0	0	282	0	0	86	0	96	0	0	71
ASV21	187	39	0	0	0	0	0	0	0	276	1459	0	0	17	0	0	302	0
ASV22	0	125	0	440	0	0	0	0	0	0	0	0	33	1417	25	0	56	107
ASV23	0	0	0	0	0	0	881	1154	8	57	0	0	0	0	0	0	0	0
ASV24	354	51	114	33	0	0	460	196	0	67	204	0	134	0	265	0	135	39
ASV25	0	0	0	0	64	287	1339	0	0	128	40	61	0	44	0	82	0	0
ASV26	0	0	0	0	0	0	0	0	0	0	0	0	0	1786	0	0	54	69
ASV27	0	26	0	0	0	0	1610	0	0	0	0	0	79	0	0	0	33	0
ASV28	144	34	0	40	80	257	182	432	92	53	141	0	125	0	0	0	130	7
ASV29	715	627	168	0	0	81	0	0	0	0	0	0	0	0	0	52	0	67
ASV30	456	0	19	24	219	0	0	182	90	102	462	0	34	0	0	0	26	33
ASV31	10	32	235	151	166	82	0	0	23	96	0	213	22	80	210	0	24	271
ASV32	0	0	0	0	0	0	0	0	1597	0	0	0	0	0	0	0	0	0
ASV33	36	561	82	0	74	278	0	0	0	30	0	0	100	73	217	0	17	35
ASV34	0	0	12	34	123	13	362	0	152	0	284	0	200	0	69	0	81	0
ASV35	380	0	10	22	26	49	174	239	16	20	125	0	52	0	0	0	66	0
ASV36	138	0	0	0	157	576	107	0	42	17	90	0	0	0	0	0	26	0
ASV37	290	81	0	0	0	119	0	0	39	252	217	0	0	0	151	0	0	0
ASV38	0	0	0	0	0	0	0	0	0	0	0	0	0	0	0	0	273	855
ASV39	0	0	0	0	0	0	0	0	0	0	0	0	0	0	0	1124	0	0
ASV40	726	16	0	0	0	0	0	0	230	0	0	0	0	0	0	0	71	0
ASV41	225	48	16	0	299	23	91	25	0	42	0	0	0	0	218	0	23	0
ASV42	0	0	0	0	1009	0	0	0	0	0	0	0	0	0	0	0	0	0
ASV43	0	0	1007	0	0	0	0	0	0	0	0	0	0	0	0	0	0	0
ASV44	0	0	0	0	0	0	0	0	0	0	0	0	0	0	973	0	0	0
ASV45	50	95	0	0	0	309	0	0	165	0	0	0	121	0	169	0	0	0
ASV46	0	0	0	0	0	156	0	0	0	102	0	0	95	254	202	0	77	0
ASV47	0	128	0	0	0	243	0	0	55	11	0	0	104	173	170	0	0	0
ASV48	59	23	280	0	0	268	0	0	211	0	0	0	0	0	0	0	0	0
ASV49	52	147	46	55	68	104	0	0	42	60	0	0	44	36	150	0	6	23
ASV50	0	0	636	0	124	0	0	0	0	0	0	0	0	0	0	0	0	27
ASV51	0	0	0	0	0	0	0	753	0	0	0	0	0	0	0	0	0	0
ASV52	0	0	0	246	0	103	0	90	0	37	0	129	0	0	10	41	90	0
ASV53	172	0	0	26	91	101	0	0	12	0	24	0	0	0	32	236	37	0
ASV54	261	24	0	0	144	96	0	0	30	35	27	0	10	0	0	0	62	2
ASV55	0	0	0	667	0	0	0	0	0	0	0	0	0	0	0	0	20	0
ASV56	0	0	0	0	0	0	0	0	0	0	0	0	682	0	0	0	0	0
ASV57	0	0	0	0	207	98	0	0	19	0	0	0	121	38	88	0	58	34
ASV58	125	92	74	0	122	0	0	0	45	0	79	5	46	0	0	0	72	0
ASV59	58	0	0	38	71	0	68	247	29	30	0	0	59	0	0	0	39	20
ASV60	152	0	0	0	60	0	277	0	29	0	88	0	42	0	9	0	0	0
ASV61	0	0	0	0	0	36	55	432	0	0	23	12	44	0	0	0	0	0
ASV62	0	0	153	0	0	0	0	0	0	0	0	0	9	0	98	0	209	121
ASV63	0	11	43	0	42	20	0	51	0	56	40	0	72	0	155	0	77	17
ASV64	0	0	0	0	0	0	0	0	583	0	0	0	0	0	0	0	0	0
ASV65	41	214	103	10	28	25	0	0	0	123	0	0	0	0	37	0	0	0
ASV66	0	0	0	129	0	0	0	42	0	174	0	148	0	0	0	74	0	0
ASV67	80	0	52	0	0	0	0	0	0	0	243	0	102	0	33	0	0	0
ASV68	42	0	0	0	18	0	84	66	0	16	18	0	70	0	123	0	56	15
ASV69	0	0	0	0	53	49	0	0	0	35	0	0	181	0	58	0	105	15
ASV70	0	0	289	0	0	0	0	205	0	0	0	0	0	0	0	0	0	0
ASV71	0	0	4	0	0	357	0	0	33	0	0	0	98	0	0	0	0	0
ASV72	82	0	0	0	77	17	61	19	25	20	69	0	56	0	42	0	9	6
ASV73	0	82	0	312	0	0	0	0	0	0	0	84	0	0	0	0	0	0
ASV74	0	26	84	95	60	0	0	0	0	70	0	28	9	55	0	0	0	43
ASV75	0	0	0	0	0	0	0	0	0	0	0	0	0	0	466	0	0	0
ASV76	5	0	0	0	92	0	119	12	0	0	143	0	0	0	0	0	89	0
ASV77	0	0	0	0	435	0	0	0	0	0	0	0	0	0	0	0	8	0
ASV78	48	10	25	26	13	231	0	0	0	0	0	0	20	8	60	0	0	0
ASV79	136	25	15	6	92	37	59	0	28	0	31	0	0	0	0	0	0	7
ASV80	0	0	0	0	0	200	137	0	0	0	84	0	0	0	0	0	0	0
ASV81	0	0	0	0	183	0	0	158	25	0	54	0	0	0	0	0	0	0
ASV82	0	0	0	0	68	0	0	0	0	0	0	0	0	0	346	0	0	0
ASV83	149	0	0	76	0	96	0	49	0	40	0	0	0	0	0	0	0	0
ASV84	0	158	150	0	0	0	0	0	0	0	0	0	0	0	0	0	94	0
ASV85	0	0	18	0	79	0	0	40	31	30	134	0	47	0	0	0	0	16
ASV86	101	19	11	14	95	22	0	0	14	18	7	0	87	0	0	0	0	0
ASV87	0	0	5	168	34	0	2	0	0	0	0	27	0	28	91	0	15	7
ASV88	102	65	67	0	0	85	0	0	38	0	0	0	0	0	0	0	0	0
ASV89	0	0	0	0	0	0	0	0	37	0	125	0	194	0	0	0	0	0
ASV90	0	0	0	0	0	0	0	0	0	0	351	0	0	0	0	0	0	0
ASV91	0	0	0	0	0	0	0	0	210	0	0	0	55	5	0	0	70	0
ASV92	83	18	0	0	83	40	0	0	0	0	27	0	25	0	0	0	46	14
ASV93	0	0	0	0	0	0	0	0	0	0	332	0	0	0	0	0	0	0
ASV94	34	22	0	0	0	0	85	0	0	0	26	67	0	0	0	0	77	18
ASV95	63	0	0	18	20	27	20	0	0	28	41	0	0	0	43	0	68	0
ASV96	58	0	22	13	32	70	0	0	0	5	0	0	0	0	117	0	0	0
ASV97	115	0	0	18	46	0	0	0	26	39	0	0	21	0	0	0	38	7
ASV98	121	0	0	0	61	0	60	36	0	22	0	0	0	0	0	0	5	0
ASV99	0	0	0	0	0	0	0	0	0	0	0	0	0	0	0	304	0	0
ASV100	0	0	0	0	0	0	0	0	0	0	0	0	0	0	301	0	0	0
ASV101	124	0	0	0	63	0	0	0	0	0	0	0	0	0	99	0	13	0
ASV102	100	6	0	0	60	0	0	0	6	0	38	0	66	0	0	0	8	8
ASV103	0	0	0	0	0	0	0	0	0	0	292	0	0	0	0	0	0	0
ASV104	0	155	15	0	40	0	0	0	0	0	0	0	34	0	0	0	0	46
ASV105	0	0	0	0	0	0	0	0	0	0	0	0	0	0	289	0	0	0
ASV106	0	0	0	0	0	0	0	0	0	0	0	0	0	0	0	284	0	0
ASV107	131	15	0	2	17	24	20	19	13	23	0	4	0	0	15	0	0	0
ASV108	0	0	17	0	73	182	0	0	0	0	0	0	0	0	0	0	0	5
ASV109	0	0	0	0	0	0	0	270	0	0	0	0	0	0	0	0	0	0
ASV110	0	0	0	0	0	0	0	0	261	0	0	0	0	0	0	0	0	0
ASV111	0	0	0	0	0	0	0	0	0	0	0	0	0	0	0	0	0	252
ASV112	0	16	0	0	35	0	0	0	0	0	0	0	0	0	0	198	0	0
ASV113	0	0	0	0	0	245	0	0	0	0	0	0	0	0	0	0	0	0
ASV114	0	0	0	0	0	0	0	0	0	0	0	242	0	0	0	0	0	0
ASV115	0	0	0	0	0	0	0	0	0	0	0	115	0	126	0	0	0	0
ASV116	0	0	0	0	209	0	0	0	0	0	0	0	0	0	0	0	0	24
ASV117	0	0	0	0	0	0	0	0	0	0	0	0	233	0	0	0	0	0
ASV118	0	0	0	0	30	0	0	0	20	0	180	0	0	0	0	0	0	0
ASV119	214	0	0	0	0	0	0	0	0	0	0	0	0	0	0	0	0	0
ASV120	78	8	0	0	31	0	0	17	25	0	0	0	54	0	0	0	0	0
ASV121	42	0	0	0	0	0	0	0	0	0	22	0	46	0	0	0	103	0
ASV122	0	0	205	0	0	0	0	0	0	0	0	0	0	0	0	0	0	0
ASV123	0	0	0	0	0	0	0	0	29	0	0	14	0	152	0	0	0	0
ASV124	64	0	0	0	0	0	26	0	0	0	0	0	0	0	80	0	13	0
ASV125	0	0	0	0	0	183	0	0	0	0	0	0	0	0	0	0	0	0
ASV126	0	0	0	0	0	0	0	182	0	0	0	0	0	0	0	0	0	0
ASV127	41	0	0	0	0	0	97	0	10	33	0	0	0	0	0	0	0	0
ASV128	0	0	0	0	0	0	0	0	0	0	0	0	0	0	0	0	179	0
ASV129	0	0	0	0	0	0	0	0	0	0	0	65	0	0	0	26	0	86
ASV130	0	0	0	0	0	0	0	0	0	0	0	176	0	0	0	0	0	0
ASV131	0	0	0	0	0	0	0	0	0	0	0	0	0	0	0	176	0	0
ASV132	0	0	0	0	0	0	0	0	175	0	0	0	0	0	0	0	0	0
ASV133	104	0	0	0	0	0	0	34	0	7	0	0	0	0	13	0	0	0
ASV134	46	0	15	0	53	20	0	0	0	0	0	0	4	0	0	0	0	9
ASV135	0	0	0	0	0	0	0	0	0	147	0	0	0	0	0	0	0	0
ASV136	0	0	0	0	0	0	0	0	0	0	0	0	0	0	0	0	127	17
ASV137	27	0	0	0	0	49	0	0	0	0	31	0	34	0	0	0	0	0
ASV138	0	0	0	0	0	37	0	0	102	0	0	0	0	0	0	0	0	0
ASV139	0	0	0	0	0	0	0	0	48	0	0	0	0	0	0	0	91	0
ASV140	0	0	0	0	138	0	0	0	0	0	0	0	0	0	0	0	0	0
ASV141	0	0	0	0	0	0	0	0	0	0	0	0	138	0	0	0	0	0
ASV142	0	0	0	82	0	0	0	0	0	0	0	0	0	0	23	0	32	0
ASV143	128	8	0	0	0	0	0	0	0	0	0	0	0	0	0	0	0	0
ASV144	0	0	0	53	0	0	0	0	0	0	0	0	32	0	0	0	48	0
ASV145	7	10	0	47	0	51	0	0	9	0	0	0	0	0	0	0	5	0
ASV146	0	0	0	0	0	0	0	0	0	0	0	127	0	0	0	0	0	0
ASV147	0	0	6	0	25	20	0	0	0	0	0	0	0	60	0	0	10	3
ASV148	0	0	0	0	122	0	0	0	0	0	0	0	0	0	0	0	0	0
ASV149	0	0	0	0	0	0	0	0	0	0	0	119	0	0	0	0	0	0
ASV150	0	0	0	0	0	0	0	118	0	0	0	0	0	0	0	0	0	0
ASV151	0	0	39	0	0	0	0	0	0	47	0	0	0	0	0	0	0	31
ASV152	0	0	0	0	88	0	0	0	28	0	0	0	0	0	0	0	0	0
ASV153	0	0	0	0	0	0	0	0	0	0	0	0	0	0	115	0	0	0
ASV154	0	0	0	0	0	0	0	0	0	0	0	0	114	0	0	0	0	0
ASV155	0	0	0	0	0	0	0	0	0	0	0	0	0	0	0	0	109	0
ASV156	0	0	0	0	0	0	0	104	0	0	0	0	0	0	0	0	0	0
ASV157	0	0	0	0	0	103	0	0	0	0	0	0	0	0	0	0	0	0
ASV158	0	0	0	0	0	0	0	0	0	0	0	0	0	0	103	0	0	0
ASV159	0	0	0	0	0	0	0	0	0	0	0	0	0	0	0	0	102	0
ASV160	0	0	0	0	0	0	0	101	0	0	0	0	0	0	0	0	0	0
ASV161	0	0	0	0	0	0	0	0	0	0	98	0	0	0	0	0	0	0
ASV162	0	0	0	96	0	0	0	0	0	0	0	0	0	0	0	0	0	0
ASV163	0	0	0	0	0	96	0	0	0	0	0	0	0	0	0	0	0	0
ASV164	0	0	0	0	0	95	0	0	0	0	0	0	0	0	0	0	0	0
ASV165	0	0	0	0	0	0	0	0	0	0	0	0	88	0	0	0	0	0
ASV166	0	0	0	0	0	0	0	0	0	0	0	0	86	0	0	0	0	0
ASV167	0	0	0	0	0	0	0	0	0	0	0	0	0	23	63	0	0	0
ASV168	0	0	0	0	0	0	51	0	0	0	33	0	0	0	0	0	0	0
ASV169	0	81	0	0	0	0	0	0	0	0	0	0	0	0	0	0	0	0
ASV170	0	0	0	0	0	0	0	0	0	0	0	0	81	0	0	0	0	0
ASV171	0	0	0	0	0	79	0	0	0	0	0	0	0	0	0	0	0	0
ASV172	0	0	0	0	0	0	0	0	32	0	0	0	0	0	0	0	47	0
ASV173	0	0	78	0	0	0	0	0	0	0	0	0	0	0	0	0	0	0
ASV174	0	0	0	0	0	0	0	0	0	0	0	0	0	0	0	0	78	0
ASV175	0	0	0	0	0	0	0	0	0	0	0	0	0	77	0	0	0	0
ASV176	0	0	0	0	0	0	0	0	76	0	0	0	0	0	0	0	0	0
ASV177	74	0	0	0	0	0	0	0	0	0	0	0	0	0	0	0	0	0
ASV178	0	0	0	0	70	0	0	0	0	0	0	0	0	0	0	0	0	0
ASV179	0	0	0	0	0	0	0	0	0	0	0	70	0	0	0	0	0	0
ASV180	0	0	0	0	0	0	0	0	0	0	0	0	0	0	0	70	0	0
ASV181	0	0	0	0	0	0	0	0	0	0	0	0	0	0	0	0	70	0
ASV182	35	0	0	0	0	0	34	0	0	0	0	0	0	0	0	0	0	0
ASV183	0	0	0	0	0	0	0	69	0	0	0	0	0	0	0	0	0	0
ASV184	0	0	0	0	66	0	0	0	0	0	0	0	0	0	0	0	0	0
ASV185	0	0	0	0	0	0	66	0	0	0	0	0	0	0	0	0	0	0
ASV186	0	0	0	0	0	0	64	0	0	0	0	0	0	0	0	0	0	0
ASV187	0	0	0	0	0	0	0	0	63	0	0	0	0	0	0	0	0	0
ASV188	0	0	0	0	0	0	0	61	0	0	0	0	0	0	0	0	0	0
ASV189	0	0	0	0	0	0	0	0	0	0	0	61	0	0	0	0	0	0
ASV190	0	0	0	0	0	0	0	0	0	0	0	0	60	0	0	0	0	0
ASV191	0	0	0	0	0	0	0	0	0	0	0	0	59	0	0	0	0	0
ASV192	0	0	0	0	0	0	0	0	0	0	0	0	0	0	0	0	0	59
ASV193	0	0	0	0	0	0	57	0	0	0	0	0	0	0	0	0	0	0
ASV194	0	0	34	0	0	0	0	0	0	0	0	0	0	0	22	0	0	0
ASV195	0	0	0	0	0	0	0	0	0	0	0	0	0	9	45	0	0	0
ASV196	0	0	0	0	0	0	0	0	53	0	0	0	0	0	0	0	0	0
ASV197	0	0	0	0	0	0	0	51	0	0	0	0	0	0	0	0	0	0
ASV198	0	0	0	0	0	0	0	0	0	0	0	48	0	0	0	0	0	0
ASV199	0	0	0	0	0	0	0	0	0	0	0	0	0	0	48	0	0	0
ASV200	0	0	0	0	0	6	0	0	0	0	40	0	0	0	0	0	0	1
ASV201	0	0	0	27	0	0	0	0	0	0	0	0	0	0	0	19	0	0
ASV202	0	0	0	0	0	0	0	0	0	0	0	0	0	0	0	0	46	0
ASV203	45	0	0	0	0	0	0	0	0	0	0	0	0	0	0	0	0	0
ASV204	0	0	0	45	0	0	0	0	0	0	0	0	0	0	0	0	0	0
ASV205	0	0	0	0	0	0	0	0	0	0	45	0	0	0	0	0	0	0
ASV206	44	0	0	0	0	0	0	0	0	0	0	0	0	0	0	0	0	0
ASV207	0	0	0	0	0	0	0	0	0	44	0	0	0	0	0	0	0	0
ASV208	0	0	0	0	0	0	0	0	0	0	0	0	0	44	0	0	0	0
ASV209	21	0	0	0	0	0	0	0	0	0	0	0	0	0	0	0	22	0
ASV210	0	0	0	0	0	0	41	0	0	0	0	0	0	0	0	0	0	0
ASV211	0	0	0	0	0	0	0	0	41	0	0	0	0	0	0	0	0	0
ASV212	0	0	0	8	0	0	0	32	0	0	0	0	0	0	0	0	0	0
ASV213	0	0	0	0	0	0	40	0	0	0	0	0	0	0	0	0	0	0
ASV214	0	0	0	0	0	0	0	0	39	0	0	0	0	0	0	0	0	0
ASV215	0	0	0	0	0	0	0	0	0	38	0	0	0	0	0	0	0	0
ASV216	0	0	0	0	0	0	0	0	37	0	0	0	0	0	0	0	0	0
ASV217	0	0	0	0	0	0	0	0	0	0	0	0	0	0	0	0	37	0
ASV218	0	0	0	0	0	0	0	0	0	0	0	0	36	0	0	0	0	0
ASV219	0	35	0	0	0	0	0	0	0	0	0	0	0	0	0	0	0	0
ASV220	0	0	0	0	0	35	0	0	0	0	0	0	0	0	0	0	0	0
ASV221	0	0	0	0	0	0	0	0	0	0	0	0	0	0	35	0	0	0
ASV222	0	0	0	0	0	0	0	0	0	0	0	0	0	0	0	0	35	0
ASV223	0	0	0	0	0	0	0	0	34	0	0	0	0	0	0	0	0	0
ASV224	0	0	0	0	0	33	0	0	0	0	0	0	0	0	0	0	0	0
ASV225	0	0	0	0	0	0	0	0	0	0	0	0	33	0	0	0	0	0
ASV226	0	0	0	0	0	0	0	0	0	0	0	32	0	0	0	0	0	0
ASV227	31	0	0	0	0	0	0	0	0	0	0	0	0	0	0	0	0	0
ASV228	0	0	0	0	0	31	0	0	0	0	0	0	0	0	0	0	0	0
ASV229	0	0	0	0	0	0	0	0	0	0	0	0	0	0	31	0	0	0
ASV230	0	0	0	0	0	0	0	30	0	0	0	0	0	0	0	0	0	0
ASV231	0	25	0	0	0	4	0	0	0	0	0	0	0	0	0	0	0	0
ASV232	0	0	0	0	0	0	0	0	0	0	29	0	0	0	0	0	0	0
ASV233	0	0	0	0	0	0	0	0	0	0	0	0	0	28	0	0	0	0
ASV234	0	0	0	0	0	0	0	0	0	0	0	27	0	0	0	0	0	0
ASV235	0	0	0	0	0	0	0	0	0	0	0	0	0	26	0	0	0	0
ASV236	0	0	0	0	25	0	0	0	0	0	0	0	0	0	0	0	0	0
ASV237	0	0	0	0	0	25	0	0	0	0	0	0	0	0	0	0	0	0
ASV238	0	0	0	0	24	0	0	0	0	0	0	0	0	0	0	0	0	0
ASV239	0	0	0	0	0	0	0	0	0	0	0	0	24	0	0	0	0	0
ASV240	0	0	0	0	0	0	0	0	0	0	0	0	0	0	22	0	0	0
ASV241	0	0	0	0	0	0	0	0	0	0	0	0	0	0	0	0	0	22
ASV242	0	0	0	0	0	0	0	21	0	0	0	0	0	0	0	0	0	0
ASV243	0	0	0	0	0	0	0	0	0	0	0	0	0	0	0	0	0	20
ASV244	0	0	0	0	0	0	0	19	0	0	0	0	0	0	0	0	0	0
ASV245	0	0	0	0	0	0	0	0	0	0	0	0	19	0	0	0	0	0
ASV246	0	0	0	0	0	0	0	0	0	0	0	0	0	0	0	0	19	0
ASV247	0	0	0	0	0	0	0	0	0	0	0	0	0	0	0	0	19	0
ASV248	0	0	0	0	0	0	0	0	0	0	0	0	0	0	0	0	18	0
ASV249	0	0	0	0	0	0	0	0	0	0	0	0	0	0	0	0	18	0
ASV250	0	0	0	0	0	0	0	0	0	0	0	0	0	0	0	0	0	18
ASV251	0	0	0	0	0	0	0	0	17	0	0	0	0	0	0	0	0	0
ASV252	0	0	0	0	0	0	0	0	0	0	0	0	0	0	17	0	0	0
ASV253	0	0	0	16	0	0	0	0	0	0	0	0	0	0	0	0	0	0
ASV254	0	0	0	0	0	0	16	0	0	0	0	0	0	0	0	0	0	0
ASV255	0	0	0	0	0	0	0	0	0	0	0	16	0	0	0	0	0	0
ASV256	0	0	0	0	0	0	0	0	0	0	0	16	0	0	0	0	0	0
ASV257	0	0	0	0	0	0	0	0	0	0	0	0	0	0	0	15	0	0
ASV258	14	0	0	0	0	0	0	0	0	0	0	0	0	0	0	0	0	0
ASV259	0	0	0	0	14	0	0	0	0	0	0	0	0	0	0	0	0	0
ASV260	0	0	0	0	0	14	0	0	0	0	0	0	0	0	0	0	0	0
ASV261	0	0	0	0	0	0	0	0	14	0	0	0	0	0	0	0	0	0
ASV262	0	0	0	0	0	0	0	0	0	0	14	0	0	0	0	0	0	0
ASV263	0	0	0	0	0	0	0	0	0	0	0	14	0	0	0	0	0	0
ASV264	0	0	0	0	0	13	0	0	0	0	0	0	0	0	0	0	0	0
ASV265	0	0	0	0	0	0	0	0	0	0	0	0	13	0	0	0	0	0
ASV266	0	0	0	0	0	0	0	0	0	0	0	0	0	12	0	0	0	0
ASV267	11	0	0	0	0	0	0	0	0	0	0	0	0	0	0	0	0	0
ASV268	0	0	0	0	0	0	0	11	0	0	0	0	0	0	0	0	0	0
ASV269	0	0	0	0	0	0	0	0	0	0	0	0	0	0	0	0	11	0
ASV270	0	0	0	0	0	0	0	10	0	0	0	0	0	0	0	0	0	0
ASV271	0	0	0	0	0	0	0	0	0	0	0	0	0	0	0	0	9	0
ASV272	0	0	0	0	0	0	0	0	0	0	0	0	8	0	0	0	0	0
ASV273	0	7	0	0	0	0	0	0	0	0	0	0	0	0	0	0	0	0
ASV274	0	0	0	0	0	0	0	0	0	0	0	0	0	0	0	0	7	0
ASV275	0	3	0	0	0	0	0	0	0	0	0	0	0	0	0	0	0	0
ASV276	0	0	0	0	0	0	0	0	0	0	3	0	0	0	0	0	0	0
