ASV	Kingdom	Phylum	Class	Order	Family	Genus
ASV1	Bacteria	Bacteroidota	Bacteroidia	Bacteroidales	Prevotellaceae	Prevotella
ASV2	Bacteria	Bacteroidota	Bacteroidia	Bacteroidales	Prevotellaceae	Prevotella
ASV3	Bacteria	Firmicutes	Clostridia	Peptostreptococcales-Tissierellales	Finegoldia	NA
ASV4	Bacteria	Bacteroidota	Bacteroidia	Bacteroidales	Prevotellaceae	Prevotella
ASV5	Bacteria	Firmicutes	Clostridia	Peptostreptococcales-Tissierellales	Fenollaria	NA
ASV6	Bacteria	Bacteroidota	Bacteroidia	Bacteroidales	Bacteroidaceae	Bacteroides
ASV7	Bacteria	Campilobacterota	Campylobacteria	Campylobacterales	Campylobacteraceae	Campylobacter
ASV8	Bacteria	Bacteroidota	Bacteroidia	Bacteroidales	Prevotellaceae	Prevotella
ASV9	Bacteria	Bacteroidota	Bacteroidia	Bacteroidales	Prevotellaceae	Prevotella
ASV10	Bacteria	Bacteroidota	Bacteroidia	Bacteroidales	Prevotellaceae	Prevotella
ASV11	Bacteria	Bacteroidota	Bacteroidia	Bacteroidales	Bacteroidaceae	Bacteroides
ASV12	Bacteria	Firmicutes	Clostridia	Oscillospirales	Ruminococcaceae	Faecalibacterium
ASV13	Bacteria	Bacteroidota	Bacteroidia	Bacteroidales	Rikenellaceae	Alistipes
ASV14	Bacteria	Bacteroidota	Bacteroidia	Bacteroidales	Prevotellaceae	Prevotella
ASV15	Bacteria	Firmicutes	Clostridia	Peptostreptococcales-Tissierellales	Peptoniphilus	NA
ASV16	Bacteria	Firmicutes	Clostridia	Peptostreptococcales-Tissierellales	Ezakiella	NA
ASV17	Bacteria	Bacteroidota	Bacteroidia	Bacteroidales	Prevotellaceae	Prevotella
ASV18	Bacteria	Verrucomicrobiota	Verrucomicrobiae	Verrucomicrobiales	Akkermansiaceae	Akkermansia
ASV19	Bacteria	Bacteroidota	Bacteroidia	Bacteroidales	Bacteroidaceae	Bacteroides
ASV20	Bacteria	Firmicutes	Clostridia	Peptostreptococcales-Tissierellales	Anaerococcus	NA
ASV21	Bacteria	Bacteroidota	Bacteroidia	Bacteroidales	Bacteroidaceae	Bacteroides
ASV22	Bacteria	Bacteroidota	Bacteroidia	Bacteroidales	Prevotellaceae	Prevotella
ASV23	Bacteria	Bacteroidota	Bacteroidia	Bacteroidales	Bacteroidaceae	Bacteroides
ASV24	Bacteria	Proteobacteria	Gammaproteobacteria	Burkholderiales	Sutterellaceae	Parasutterella
ASV25	Bacteria	Bacteroidota	Bacteroidia	Bacteroidales	Bacteroidaceae	Bacteroides
ASV26	Bacteria	Bacteroidota	Bacteroidia	Bacteroidales	Prevotellaceae	Prevotella
ASV27	Bacteria	Bacteroidota	Bacteroidia	Bacteroidales	Bacteroidaceae	Bacteroides
ASV28	Bacteria	Bacteroidota	Bacteroidia	Bacteroidales	Rikenellaceae	Alistipes
ASV29	Bacteria	Firmicutes	Clostridia	Peptostreptococcales-Tissierellales	Peptoniphilus	NA
ASV30	Bacteria	Firmicutes	Clostridia	Oscillospirales	Ruminococcaceae	Faecalibacterium
ASV31	Bacteria	Firmicutes	Negativicutes	Veillonellales-Selenomonadales	Veillonellaceae	Dialister
ASV32	Bacteria	Bacteroidota	Bacteroidia	Bacteroidales	Prevotellaceae	Prevotella
ASV33	Bacteria	Firmicutes	Clostridia	Peptostreptococcales-Tissierellales	Anaerovoracaceae	S5-A14a
ASV34	Bacteria	Bacteroidota	Bacteroidia	Bacteroidales	Tannerellaceae	Parabacteroides
ASV35	Bacteria	Firmicutes	Clostridia	Lachnospirales	Lachnospiraceae	Blautia
ASV36	Bacteria	Firmicutes	Clostridia	Lachnospirales	Lachnospiraceae	Roseburia
ASV37	Bacteria	Bacteroidota	Bacteroidia	Bacteroidales	Bacteroidaceae	Bacteroides
ASV38	Bacteria	Fusobacteriota	Fusobacteriia	Fusobacteriales	Fusobacteriaceae	Fusobacterium
ASV39	Bacteria	Firmicutes	Negativicutes	Veillonellales-Selenomonadales	Veillonellaceae	Veillonella
ASV40	Bacteria	Bacteroidota	Bacteroidia	Bacteroidales	Bacteroidaceae	Bacteroides
ASV41	Bacteria	Firmicutes	Clostridia	Lachnospirales	Lachnospiraceae	Agathobacter
ASV42	Bacteria	Bacteroidota	Bacteroidia	Bacteroidales	Prevotellaceae	Prevotella
ASV43	Bacteria	Bacteroidota	Bacteroidia	Bacteroidales	Prevotellaceae	Prevotella
ASV44	Bacteria	Bacteroidota	Bacteroidia	Bacteroidales	Porphyromonadaceae	Porphyromonas
ASV45	Bacteria	Actinobacteriota	Actinobacteria	Corynebacteriales	Corynebacteriaceae	Corynebacterium
ASV46	Bacteria	Bacteroidota	Bacteroidia	Bacteroidales	Porphyromonadaceae	Porphyromonas
ASV47	Bacteria	Actinobacteriota	Actinobacteria	Actinomycetales	Actinomycetaceae	Varibaculum
ASV48	Bacteria	Bacteroidota	Bacteroidia	Bacteroidales	Porphyromonadaceae	Porphyromonas
ASV49	Bacteria	Firmicutes	Clostridia	Peptostreptococcales-Tissierellales	Peptoniphilus	NA
ASV50	Bacteria	Bacteroidota	Bacteroidia	Bacteroidales	Porphyromonadaceae	Porphyromonas
ASV51	Bacteria	Firmicutes	Negativicutes	Veillonellales-Selenomonadales	Veillonellaceae	Megasphaera
ASV52	Bacteria	Proteobacteria	Gammaproteobacteria	Enterobacterales	Enterobacteriaceae	Escherichia-Shigella
ASV53	Bacteria	Bacteroidota	Bacteroidia	Bacteroidales	Bacteroidaceae	Bacteroides
ASV54	Bacteria	Firmicutes	Clostridia	Oscillospirales	Ruminococcaceae	Faecalibacterium
ASV55	Bacteria	Bacteroidota	Bacteroidia	Bacteroidales	Prevotellaceae	Prevotella
ASV56	Bacteria	Bacteroidota	Bacteroidia	Bacteroidales	Porphyromonadaceae	Porphyromonas
ASV57	Bacteria	Bacteroidota	Bacteroidia	Bacteroidales	Porphyromonadaceae	Porphyromonas
ASV58	Bacteria	Firmicutes	Clostridia	Oscillospirales	Oscillospiraceae	UCG-002
ASV59	Bacteria	Firmicutes	Clostridia	Lachnospirales	Lachnospiraceae	Fusicatenibacter
ASV60	Bacteria	Firmicutes	Clostridia	Lachnospirales	Lachnospiraceae	Roseburia
ASV61	Bacteria	Bacteroidota	Bacteroidia	Bacteroidales	Marinifilaceae	Odoribacter
ASV62	Bacteria	Bacteroidota	Bacteroidia	Bacteroidales	Porphyromonadaceae	Porphyromonas
ASV63	Bacteria	Firmicutes	Clostridia	Oscillospirales	Ruminococcaceae	Subdoligranulum
ASV64	Bacteria	Bacteroidota	Bacteroidia	Bacteroidales	Prevotellaceae	Prevotella
ASV65	Bacteria	Firmicutes	Clostridia	Peptostreptococcales-Tissierellales	Murdochiella	NA
ASV66	Bacteria	Firmicutes	Negativicutes	Veillonellales-Selenomonadales	Veillonellaceae	Dialister
ASV67	Bacteria	Bacteroidota	Bacteroidia	Bacteroidales	Bacteroidaceae	Bacteroides
ASV68	Bacteria	Firmicutes	Clostridia	Lachnospirales	Lachnospiraceae	Blautia
ASV69	Bacteria	Firmicutes	Clostridia	Oscillospirales	Ruminococcaceae	Ruminococcus
ASV70	Bacteria	Firmicutes	Negativicutes	Acidaminococcales	Acidaminococcaceae	Acidaminococcus
ASV71	Bacteria	Actinobacteriota	Actinobacteria	Corynebacteriales	Corynebacteriaceae	Corynebacterium
ASV72	Bacteria	Firmicutes	Clostridia	Lachnospirales	Lachnospiraceae	Blautia
ASV73	Bacteria	Bacteroidota	Bacteroidia	Bacteroidales	Porphyromonadaceae	Porphyromonas
ASV74	Bacteria	Firmicutes	Clostridia	Peptostreptococcales-Tissierellales	Peptoniphilus	NA
ASV75	Bacteria	Bacteroidota	Bacteroidia	Bacteroidales	Porphyromonadaceae	Porphyromonas
ASV76	Bacteria	Firmicutes	Clostridia	Lachnospirales	Lachnospiraceae	Lachnospiraceae NK4A136 group
ASV77	Bacteria	Proteobacteria	Gammaproteobacteria	Burkholderiales	Sutterellaceae	Sutterella
ASV78	Bacteria	Actinobacteriota	Actinobacteria	Corynebacteriales	Corynebacteriaceae	Lawsonella
ASV79	Bacteria	Firmicutes	Clostridia	Lachnospirales	Lachnospiraceae	Dorea
ASV80	Bacteria	Bacteroidota	Bacteroidia	Bacteroidales	Tannerellaceae	Parabacteroides
ASV81	Bacteria	Firmicutes	Clostridia	Oscillospirales	Ruminococcaceae	Faecalibacterium
ASV82	Bacteria	Bacteroidota	Bacteroidia	Bacteroidales	Prevotellaceae	NA
ASV83	Bacteria	Firmicutes	Clostridia	Lachnospirales	Lachnospiraceae	Tuzzerella
ASV84	Bacteria	Firmicutes	Clostridia	Oscillospirales	Oscillospiraceae	UCG-002
ASV85	Bacteria	Firmicutes	Clostridia	Oscillospirales	Ruminococcaceae	Ruminococcus
ASV86	Bacteria	Firmicutes	Clostridia	Lachnospirales	Lachnospiraceae	Blautia
ASV87	Bacteria	Campilobacterota	Campylobacteria	Campylobacterales	Campylobacteraceae	Campylobacter
ASV88	Bacteria	Actinobacteriota	Actinobacteria	Corynebacteriales	Corynebacteriaceae	Corynebacterium
ASV89	Bacteria	Firmicutes	Clostridia	Oscillospirales	Oscillospiraceae	UCG-002
ASV90	Bacteria	Bacteroidota	Bacteroidia	Bacteroidales	Bacteroidaceae	Bacteroides
ASV91	Bacteria	Bacteroidota	Bacteroidia	Bacteroidales	Prevotellaceae	Prevotella
ASV92	Bacteria	Firmicutes	Clostridia	Oscillospirales	Oscillospiraceae	UCG-003
ASV93	Bacteria	Bacteroidota	Bacteroidia	Bacteroidales	Prevotellaceae	Alloprevotella
ASV94	Bacteria	Desulfobacterota	Desulfovibrionia	Desulfovibrionales	Desulfovibrionaceae	Bilophila
ASV95	Bacteria	Firmicutes	Clostridia	Lachnospirales	Lachnospiraceae	[Ruminococcus] torques group
ASV96	Bacteria	Firmicutes	Negativicutes	Veillonellales-Selenomonadales	Veillonellaceae	Negativicoccus
ASV97	Bacteria	Firmicutes	Clostridia	Lachnospirales	Lachnospiraceae	Lachnoclostridium
ASV98	Bacteria	Firmicutes	Clostridia	Lachnospirales	Lachnospiraceae	Lachnospiraceae UCG-004
ASV99	Bacteria	Firmicutes	Negativicutes	Veillonellales-Selenomonadales	Veillonellaceae	Megasphaera
ASV100	Bacteria	Synergistota	Synergistia	Synergistales	Synergistaceae	Pyramidobacter
ASV101	Bacteria	Firmicutes	Clostridia	Lachnospirales	Lachnospiraceae	Coprococcus
ASV102	Bacteria	Firmicutes	Clostridia	Oscillospirales	Ruminococcaceae	Faecalibacterium
ASV103	Bacteria	Bacteroidota	Bacteroidia	Bacteroidales	Bacteroidaceae	Bacteroides
ASV104	Bacteria	Firmicutes	Clostridia	Peptostreptococcales-Tissierellales	Anaerovoracaceae	Mogibacterium
ASV105	Bacteria	Synergistota	Synergistia	Synergistales	Synergistaceae	Pyramidobacter
ASV106	Bacteria	Firmicutes	Negativicutes	Veillonellales-Selenomonadales	Veillonellaceae	Veillonella
ASV107	Bacteria	Firmicutes	Clostridia	Lachnospirales	Lachnospiraceae	Anaerostipes
ASV108	Bacteria	Bacteroidota	Bacteroidia	Bacteroidales	Rikenellaceae	Alistipes
ASV109	Bacteria	Bacteroidota	Bacteroidia	Bacteroidales	Rikenellaceae	Alistipes
ASV110	Bacteria	Bacteroidota	Bacteroidia	Bacteroidales	Prevotellaceae	Prevotella
ASV111	Bacteria	Firmicutes	Negativicutes	Veillonellales-Selenomonadales	Veillonellaceae	NA
ASV112	Bacteria	Firmicutes	Negativicutes	Veillonellales-Selenomonadales	Veillonellaceae	Veillonella
ASV113	Bacteria	Actinobacteriota	Actinobacteria	Corynebacteriales	Corynebacteriaceae	Corynebacterium
ASV114	Bacteria	Firmicutes	Bacilli	Mycoplasmatales	Mycoplasmataceae	Mycoplasma
ASV115	Bacteria	Firmicutes	Negativicutes	Veillonellales-Selenomonadales	Veillonellaceae	Dialister
ASV116	Bacteria	Firmicutes	Clostridia	Oscillospirales	Oscillospiraceae	UCG-002
ASV117	Bacteria	Firmicutes	Clostridia	Hungateiclostridiaceae	Fastidiosipila	NA
ASV118	Bacteria	Firmicutes	Clostridia	Lachnospirales	Lachnospiraceae	[Eubacterium] eligens group
ASV119	Bacteria	Firmicutes	Clostridia	Peptostreptococcales-Tissierellales	Anaerococcus	NA
ASV120	Bacteria	Firmicutes	Clostridia	Lachnospirales	Lachnospiraceae	[Ruminococcus] torques group
ASV121	Bacteria	Firmicutes	Clostridia	Lachnospirales	Lachnospiraceae	Lachnospira
ASV122	Bacteria	Bacteroidota	Bacteroidia	Bacteroidales	Porphyromonadaceae	Porphyromonas
ASV123	Bacteria	Firmicutes	Clostridia	Peptostreptococcales-Tissierellales	Peptoniphilus	NA
ASV124	Bacteria	Firmicutes	Clostridia	Lachnospirales	Lachnospiraceae	Lachnoclostridium
ASV125	Bacteria	Actinobacteriota	Actinobacteria	Corynebacteriales	Corynebacteriaceae	Corynebacterium
ASV126	Bacteria	Firmicutes	Clostridia	Lachnospirales	Lachnospiraceae	Lachnospira
ASV127	Bacteria	Firmicutes	Clostridia	Lachnospirales	Lachnospiraceae	Lachnoclostridium
ASV128	Bacteria	Bacteroidota	Bacteroidia	Bacteroidales	Bacteroidaceae	Bacteroides
ASV129	Bacteria	Firmicutes	Clostridia	Peptostreptococcales-Tissierellales	Anaerococcus	NA
ASV130	Bacteria	Firmicutes	Clostridia	Peptostreptococcales-Tissierellales	Peptostreptococcaceae	Peptostreptococcus
ASV131	Bacteria	Firmicutes	Bacilli	Lactobacillales	Streptococcaceae	Streptococcus
ASV132	Bacteria	Firmicutes	Clostridia	Lachnospirales	Lachnospiraceae	Agathobacter
ASV133	Bacteria	Firmicutes	Clostridia	Lachnospirales	Lachnospiraceae	Roseburia
ASV134	Bacteria	Firmicutes	Clostridia	Lachnospirales	Lachnospiraceae	Dorea
ASV135	Bacteria	Fusobacteriota	Fusobacteriia	Fusobacteriales	Fusobacteriaceae	Fusobacterium
ASV136	Bacteria	Proteobacteria	Alphaproteobacteria	Rhodospirillales	NA	NA
ASV137	Bacteria	Firmicutes	Clostridia	Lachnospirales	Lachnospiraceae	Lachnospiraceae NK4A136 group
ASV138	Bacteria	Proteobacteria	Gammaproteobacteria	Burkholderiales	Sutterellaceae	Sutterella
ASV139	Bacteria	Firmicutes	Clostridia	Oscillospirales	[Eubacterium] coprostanoligenes group	NA
ASV140	Bacteria	Firmicutes	Bacilli	Lactobacillales	Streptococcaceae	Streptococcus
ASV141	Bacteria	Firmicutes	Clostridia	Christensenellales	Christensenellaceae	NA
ASV142	Bacteria	Bacteroidota	Bacteroidia	Bacteroidales	Porphyromonadaceae	Porphyromonas
ASV143	Bacteria	Verrucomicrobiota	Verrucomicrobiae	Verrucomicrobiales	Akkermansiaceae	Akkermansia
ASV144	Bacteria	Cyanobacteria	Vampirivibrionia	Gastranaerophilales	NA	NA
ASV145	Bacteria	Firmicutes	Clostridia	Oscillospirales	Oscillospiraceae	UCG-002
ASV146	Bacteria	Bacteroidota	Bacteroidia	Bacteroidales	Prevotellaceae	Prevotella
ASV147	Bacteria	Firmicutes	Clostridia	Hungateiclostridiaceae	Fastidiosipila	NA
ASV148	Bacteria	Bacteroidota	Bacteroidia	Bacteroidales	Porphyromonadaceae	Porphyromonas
ASV149	Bacteria	Firmicutes	Negativicutes	Veillonellales-Selenomonadales	Veillonellaceae	Dialister
ASV150	Bacteria	Firmicutes	Clostridia	Oscillospirales	Ruminococcaceae	Subdoligranulum
ASV151	Bacteria	Firmicutes	Negativicutes	Veillonellales-Selenomonadales	Veillonellaceae	Megasphaera
ASV152	Bacteria	Firmicutes	Bacilli	Erysipelotrichales	Erysipelatoclostridiaceae	Catenibacterium
ASV153	Bacteria	Firmicutes	Clostridia	Lachnospirales	Lachnospiraceae	Lachnoclostridium
ASV154	Bacteria	Firmicutes	Clostridia	Oscillospirales	[Eubacterium] coprostanoligenes group	NA
ASV155	Bacteria	Cyanobacteria	Vampirivibrionia	Gastranaerophilales	NA	NA
ASV156	Bacteria	Actinobacteriota	Actinobacteria	Bifidobacteriales	Bifidobacteriaceae	Bifidobacterium
ASV157	Bacteria	Bacteroidota	Bacteroidia	Bacteroidales	Bacteroidaceae	Bacteroides
ASV158	Bacteria	Firmicutes	Clostridia	Hungateiclostridiaceae	Fastidiosipila	NA
ASV159	Bacteria	Bacteroidota	Bacteroidia	Bacteroidales	Porphyromonadaceae	Porphyromonas
ASV160	Bacteria	Bacteroidota	Bacteroidia	Bacteroidales	Rikenellaceae	Rikenella
ASV161	Bacteria	Verrucomicrobiota	Verrucomicrobiae	Verrucomicrobiales	Akkermansiaceae	Akkermansia
ASV162	Bacteria	Bacteroidota	Bacteroidia	Bacteroidales	Bacteroidaceae	Bacteroides
ASV163	Bacteria	Firmicutes	Clostridia	Lachnospirales	Lachnospiraceae	Lachnoclostridium
ASV164	Bacteria	Firmicutes	Clostridia	Oscillospirales	Oscillospiraceae	Colidextribacter
ASV165	Bacteria	Firmicutes	Clostridia	Lachnospirales	Lachnospiraceae	[Eubacterium] ruminantium group
ASV166	Bacteria	Firmicutes	Clostridia	Peptostreptococcales-Tissierellales	Murdochiella	NA
ASV167	Bacteria	Firmicutes	Clostridia	Peptostreptococcales-Tissierellales	Anaerovoracaceae	Mogibacterium
ASV168	Bacteria	Firmicutes	Clostridia	Oscillospirales	[Eubacterium] coprostanoligenes group	NA
ASV169	Bacteria	Firmicutes	Clostridia	Peptostreptococcales-Tissierellales	Gallicola	NA
ASV170	Bacteria	Firmicutes	Clostridia	Peptostreptococcales-Tissierellales	Murdochiella	NA
ASV171	Bacteria	Desulfobacterota	Desulfovibrionia	Desulfovibrionales	Desulfovibrionaceae	Bilophila
ASV172	Bacteria	Firmicutes	Clostridia	Oscillospirales	Ruminococcaceae	NA
ASV173	Bacteria	Bacteroidota	Bacteroidia	Bacteroidales	Prevotellaceae	Prevotella
ASV174	Bacteria	Firmicutes	Clostridia	Lachnospirales	Lachnospiraceae	Roseburia
ASV175	Bacteria	Bacteroidota	Bacteroidia	Bacteroidales	Porphyromonadaceae	Porphyromonas
ASV176	Bacteria	Firmicutes	Clostridia	Clostridia UCG-014	NA	NA
ASV177	Bacteria	Firmicutes	Clostridia	Lachnospirales	Lachnospiraceae	[Ruminococcus] gauvreauii group
ASV178	Bacteria	Firmicutes	Clostridia	Lachnospirales	Lachnospiraceae	Roseburia
ASV179	Bacteria	Firmicutes	Bacilli	Staphylococcales	Gemellaceae	Gemella
ASV180	Bacteria	Firmicutes	Clostridia	Lachnospirales	Lachnospiraceae	Hungatella
ASV181	Bacteria	Proteobacteria	Alphaproteobacteria	Rhodospirillales	NA	NA
ASV182	Bacteria	Firmicutes	Bacilli	Erysipelotrichales	Erysipelatoclostridiaceae	Erysipelotrichaceae UCG-003
ASV183	Bacteria	Desulfobacterota	Desulfovibrionia	Desulfovibrionales	Desulfovibrionaceae	Bilophila
ASV184	Bacteria	Firmicutes	Clostridia	Clostridiales	Clostridiaceae	Sarcina
ASV185	Bacteria	Firmicutes	Clostridia	Lachnospirales	Lachnospiraceae	NA
ASV186	Bacteria	Firmicutes	Clostridia	Lachnospirales	Lachnospiraceae	NA
ASV187	Bacteria	Bacteroidota	Bacteroidia	Bacteroidales	Prevotellaceae	Prevotellaceae UCG-001
ASV188	Bacteria	Firmicutes	Clostridia	Oscillospirales	Oscillospiraceae	Colidextribacter
ASV189	Bacteria	Firmicutes	Bacilli	Lactobacillales	Streptococcaceae	Streptococcus
ASV190	Bacteria	Firmicutes	Clostridia	Oscillospirales	[Eubacterium] coprostanoligenes group	NA
ASV191	Bacteria	Firmicutes	Clostridia	Oscillospirales	[Eubacterium] coprostanoligenes group	NA
ASV192	Bacteria	Firmicutes	Bacilli	Lactobacillales	Streptococcaceae	Streptococcus
ASV193	Bacteria	Bacteroidota	Bacteroidia	Bacteroidales	Barnesiellaceae	Barnesiella
ASV194	Bacteria	Bacteroidota	Bacteroidia	Bacteroidales	Barnesiellaceae	Barnesiella
ASV195	Bacteria	Synergistota	Synergistia	Synergistales	Synergistaceae	Jonquetella
ASV196	Bacteria	Firmicutes	Clostridia	Lachnospirales	Lachnospiraceae	Lachnospiraceae NK4A136 group
ASV197	Bacteria	Firmicutes	Clostridia	Lachnospirales	Lachnospiraceae	[Eubacterium] eligens group
ASV198	Bacteria	Actinobacteriota	Coriobacteriia	Coriobacteriales	Atopobiaceae	Atopobium
ASV199	Bacteria	Bacteroidota	Bacteroidia	Bacteroidales	Bacteroidaceae	Bacteroides
ASV200	Bacteria	Bacteroidota	Bacteroidia	Bacteroidales	Rikenellaceae	Alistipes
ASV201	Bacteria	Firmicutes	Bacilli	Lactobacillales	Lactobacillaceae	Lactobacillus
ASV202	Bacteria	Proteobacteria	Gammaproteobacteria	Aeromonadales	Succinivibrionaceae	Succinivibrio
ASV203	Bacteria	Firmicutes	Clostridia	Lachnospirales	Lachnospiraceae	Lachnoclostridium
ASV204	Bacteria	Firmicutes	Clostridia	Oscillospirales	Oscillospiraceae	UCG-005
ASV205	Bacteria	Firmicutes	Clostridia	Lachnospirales	Lachnospiraceae	Lachnospiraceae UCG-004
ASV206	Bacteria	Firmicutes	Clostridia	Oscillospirales	Oscillospiraceae	Colidextribacter
ASV207	Bacteria	Firmicutes	Clostridia	Oscillospirales	[Eubacterium] coprostanoligenes group	NA
ASV208	Bacteria	Bacteroidota	Bacteroidia	Bacteroidales	Rikenellaceae	Rikenellaceae RC9 gut group
ASV209	Bacteria	Firmicutes	Clostridia	Clostridia UCG-014	NA	NA
ASV210	Bacteria	Firmicutes	Clostridia	Oscillospirales	Ruminococcaceae	Negativibacillus
ASV211	Bacteria	Firmicutes	Clostridia	Clostridia UCG-014	NA	NA
ASV212	Bacteria	Firmicutes	Clostridia	Oscillospirales	Oscillospiraceae	Oscillibacter
ASV213	Bacteria	Firmicutes	Clostridia	Lachnospirales	Lachnospiraceae	[Eubacterium] eligens group
ASV214	Bacteria	Actinobacteriota	Actinobacteria	Corynebacteriales	Corynebacteriaceae	Corynebacterium
ASV215	Bacteria	Proteobacteria	Gammaproteobacteria	Burkholderiales	Sutterellaceae	Sutterella
ASV216	Bacteria	Firmicutes	Clostridia	Peptostreptococcales-Tissierellales	Anaerovoracaceae	[Eubacterium] nodatum group
ASV217	Bacteria	Firmicutes	Clostridia	Christensenellales	Christensenellaceae	Christensenellaceae R-7 group
ASV218	Bacteria	Firmicutes	Clostridia	Peptostreptococcales-Tissierellales	Murdochiella	NA
ASV219	Bacteria	Firmicutes	Clostridia	Peptostreptococcales-Tissierellales	Anaerococcus	NA
ASV220	Bacteria	Firmicutes	Clostridia	Oscillospirales	[Eubacterium] coprostanoligenes group	NA
ASV221	Bacteria	Firmicutes	Clostridia	Peptococcales	Peptococcaceae	Peptococcus
ASV222	Bacteria	Proteobacteria	Alphaproteobacteria	Rhodospirillales	NA	NA
ASV223	Bacteria	Actinobacteriota	Actinobacteria	Bifidobacteriales	Bifidobacteriaceae	Bifidobacterium
ASV224	Bacteria	Firmicutes	Clostridia	Lachnospirales	Lachnospiraceae	Blautia
ASV225	Bacteria	Firmicutes	Clostridia	Lachnospirales	Lachnospiraceae	Anaerostipes
ASV226	Bacteria	Firmicutes	Negativicutes	Veillonellales-Selenomonadales	Veillonellaceae	Negativicoccus
ASV227	Bacteria	Firmicutes	Clostridia	Christensenellales	Christensenellaceae	Christensenellaceae R-7 group
ASV228	Bacteria	Firmicutes	Clostridia	Oscillospirales	Oscillospiraceae	Intestinimonas
ASV229	Bacteria	Firmicutes	Clostridia	Lachnospirales	Lachnospiraceae	Lachnoclostridium
ASV230	Bacteria	Firmicutes	Clostridia	Oscillospirales	[Eubacterium] coprostanoligenes group	NA
ASV231	Bacteria	Firmicutes	Bacilli	Staphylococcales	Staphylococcaceae	Staphylococcus
ASV232	Bacteria	Firmicutes	Clostridia	Oscillospirales	Ruminococcaceae	NA
ASV233	Bacteria	Firmicutes	Clostridia	Peptostreptococcales-Tissierellales	Peptoniphilus	NA
ASV234	Bacteria	Firmicutes	Bacilli	Mycoplasmatales	Mycoplasmataceae	Ureaplasma
ASV235	Bacteria	Bacteroidota	Bacteroidia	Bacteroidales	Porphyromonadaceae	Porphyromonas
ASV236	Bacteria	Desulfobacterota	Desulfovibrionia	Desulfovibrionales	Desulfovibrionaceae	Desulfovibrio
ASV237	Bacteria	Actinobacteriota	Coriobacteriia	Coriobacteriales	Coriobacteriaceae	Collinsella
ASV238	Bacteria	Firmicutes	Negativicutes	Veillonellales-Selenomonadales	Veillonellaceae	Allisonella
ASV239	Bacteria	Firmicutes	Clostridia	Oscillospirales	Ruminococcaceae	Ruminococcus
ASV240	Bacteria	Firmicutes	Clostridia	Oscillospirales	Oscillospiraceae	Flavonifractor
ASV241	Bacteria	Actinobacteriota	Coriobacteriia	Coriobacteriales	Atopobiaceae	Atopobium
ASV242	Bacteria	Firmicutes	Clostridia	Lachnospirales	Lachnospiraceae	NA
ASV243	Bacteria	Fusobacteriota	Fusobacteriia	Fusobacteriales	Leptotrichiaceae	Oceanivirga
ASV244	Bacteria	Firmicutes	Clostridia	Lachnospirales	Lachnospiraceae	Lachnospiraceae UCG-010
ASV245	Bacteria	Firmicutes	Clostridia	Oscillospirales	Oscillospiraceae	NK4A214 group
ASV246	Bacteria	Actinobacteriota	Actinobacteria	Bifidobacteriales	Bifidobacteriaceae	Gardnerella
ASV247	Bacteria	Synergistota	Synergistia	Synergistales	Synergistaceae	Cloacibacillus
ASV248	Bacteria	Actinobacteriota	Actinobacteria	Actinomycetales	Actinomycetaceae	Mobiluncus
ASV249	Bacteria	Firmicutes	Bacilli	Erysipelotrichales	Erysipelotrichaceae	Holdemanella
ASV250	Bacteria	Firmicutes	Clostridia	Peptostreptococcales-Tissierellales	Peptoniphilus	NA
ASV251	Bacteria	Desulfobacterota	Desulfovibrionia	Desulfovibrionales	Desulfovibrionaceae	Desulfovibrio
ASV252	Bacteria	Firmicutes	Clostridia	Lachnospirales	Lachnospiraceae	Blautia
ASV253	Bacteria	Firmicutes	Clostridia	Lachnospirales	Lachnospiraceae	Frisingicoccus
ASV254	Bacteria	Proteobacteria	Gammaproteobacteria	Pasteurellales	Pasteurellaceae	Haemophilus
ASV255	Bacteria	Actinobacteriota	Actinobacteria	Bifidobacteriales	Bifidobacteriaceae	Gardnerella
ASV256	Bacteria	Firmicutes	Negativicutes	Veillonellales-Selenomonadales	Veillonellaceae	Veillonella
ASV257	Bacteria	Firmicutes	Clostridia	Peptostreptococcales-Tissierellales	Peptoniphilus	NA
ASV258	Bacteria	Bacteroidota	Bacteroidia	Bacteroidales	Barnesiellaceae	Coprobacter
ASV259	Bacteria	Firmicutes	Negativicutes	Veillonellales-Selenomonadales	Veillonellaceae	Anaeroglobus
ASV260	Bacteria	Actinobacteriota	Actinobacteria	Bifidobacteriales	Bifidobacteriaceae	Bifidobacterium
ASV261	Bacteria	Actinobacteriota	Coriobacteriia	Coriobacteriales	Coriobacteriaceae	Collinsella
ASV262	Bacteria	Firmicutes	Clostridia	Lachnospirales	Lachnospiraceae	[Eubacterium] xylanophilum group
ASV263	Bacteria	Firmicutes	Bacilli	Lactobacillales	Aerococcaceae	Aerococcus
ASV264	Bacteria	Firmicutes	Clostridia	Lachnospirales	Lachnospiraceae	Lachnospiraceae UCG-010
ASV265	Bacteria	Firmicutes	Clostridia	Peptococcales	Peptococcaceae	Peptococcus
ASV266	Bacteria	Bacteroidota	Bacteroidia	Bacteroidales	Prevotellaceae	Prevotella
ASV267	Bacteria	Firmicutes	Bacilli	Erysipelotrichales	Erysipelotrichaceae	Holdemanella
ASV268	Bacteria	Firmicutes	Clostridia	Monoglobales	Monoglobaceae	Monoglobus
ASV269	Archaea	Thermoplasmatota	Thermoplasmata	Methanomassiliicoccales	Methanomethylophilaceae	Candidatus Methanogranum
ASV270	Bacteria	Firmicutes	Clostridia	Oscillospirales	Butyricicoccaceae	Butyricicoccus
ASV271	Bacteria	Firmicutes	Clostridia	Peptostreptococcales-Tissierellales	Peptoniphilus	NA
ASV272	Bacteria	Firmicutes	Clostridia	Oscillospirales	Ruminococcaceae	NA
ASV273	Bacteria	Firmicutes	Clostridia	Oscillospirales	Ruminococcaceae	[Eubacterium] siraeum group
ASV274	Bacteria	Desulfobacterota	Desulfovibrionia	Desulfovibrionales	Desulfovibrionaceae	NA
ASV275	Bacteria	Firmicutes	Clostridia	Peptostreptococcales-Tissierellales	Finegoldia	NA
ASV276	Bacteria	Firmicutes	Clostridia	Lachnospirales	Lachnospiraceae	Lachnospiraceae UCG-004
